--
-- PostgreSQL database dump
--
DROP SCHEMA demo CASCADE;
SET statement_timeout = 0;
SET lock_timeout = 0;
SET client_encoding = 'UTF8';
SET standard_conforming_strings = on;
SET check_function_bodies = false;
SET client_min_messages = warning;

--
-- Name: demo; Type: SCHEMA; Schema: -; Owner: djangotalentdashboard
--

CREATE SCHEMA demo;


ALTER SCHEMA demo OWNER TO djangotalentdashboard;

SET search_path = demo, pg_catalog;

SET default_tablespace = '';

SET default_with_oids = false;

--
-- Name: auth_group; Type: TABLE; Schema: demo; Owner: djangotalentdashboard; Tablespace: 
--

CREATE TABLE auth_group (
    id integer NOT NULL,
    name character varying(80) NOT NULL
);


ALTER TABLE demo.auth_group OWNER TO djangotalentdashboard;

--
-- Name: auth_group_id_seq; Type: SEQUENCE; Schema: demo; Owner: djangotalentdashboard
--

CREATE SEQUENCE auth_group_id_seq
    START WITH 1
    INCREMENT BY 1
    NO MINVALUE
    NO MAXVALUE
    CACHE 1;


ALTER TABLE demo.auth_group_id_seq OWNER TO djangotalentdashboard;

--
-- Name: auth_group_id_seq; Type: SEQUENCE OWNED BY; Schema: demo; Owner: djangotalentdashboard
--

ALTER SEQUENCE auth_group_id_seq OWNED BY auth_group.id;


--
-- Name: auth_group_permissions; Type: TABLE; Schema: demo; Owner: djangotalentdashboard; Tablespace: 
--

CREATE TABLE auth_group_permissions (
    id integer NOT NULL,
    group_id integer NOT NULL,
    permission_id integer NOT NULL
);


ALTER TABLE demo.auth_group_permissions OWNER TO djangotalentdashboard;

--
-- Name: auth_group_permissions_id_seq; Type: SEQUENCE; Schema: demo; Owner: djangotalentdashboard
--

CREATE SEQUENCE auth_group_permissions_id_seq
    START WITH 1
    INCREMENT BY 1
    NO MINVALUE
    NO MAXVALUE
    CACHE 1;


ALTER TABLE demo.auth_group_permissions_id_seq OWNER TO djangotalentdashboard;

--
-- Name: auth_group_permissions_id_seq; Type: SEQUENCE OWNED BY; Schema: demo; Owner: djangotalentdashboard
--

ALTER SEQUENCE auth_group_permissions_id_seq OWNED BY auth_group_permissions.id;


--
-- Name: auth_permission; Type: TABLE; Schema: demo; Owner: djangotalentdashboard; Tablespace: 
--

CREATE TABLE auth_permission (
    id integer NOT NULL,
    name character varying(50) NOT NULL,
    content_type_id integer NOT NULL,
    codename character varying(100) NOT NULL
);


ALTER TABLE demo.auth_permission OWNER TO djangotalentdashboard;

--
-- Name: auth_permission_id_seq; Type: SEQUENCE; Schema: demo; Owner: djangotalentdashboard
--

CREATE SEQUENCE auth_permission_id_seq
    START WITH 1
    INCREMENT BY 1
    NO MINVALUE
    NO MAXVALUE
    CACHE 1;


ALTER TABLE demo.auth_permission_id_seq OWNER TO djangotalentdashboard;

--
-- Name: auth_permission_id_seq; Type: SEQUENCE OWNED BY; Schema: demo; Owner: djangotalentdashboard
--

ALTER SEQUENCE auth_permission_id_seq OWNED BY auth_permission.id;


--
-- Name: auth_user; Type: TABLE; Schema: demo; Owner: djangotalentdashboard; Tablespace: 
--

CREATE TABLE auth_user (
    id integer NOT NULL,
    password character varying(128) NOT NULL,
    last_login timestamp with time zone NOT NULL,
    is_superuser boolean NOT NULL,
    username character varying(30) NOT NULL,
    first_name character varying(30) NOT NULL,
    last_name character varying(30) NOT NULL,
    email character varying(75) NOT NULL,
    is_staff boolean NOT NULL,
    is_active boolean NOT NULL,
    date_joined timestamp with time zone NOT NULL
);


ALTER TABLE demo.auth_user OWNER TO djangotalentdashboard;

--
-- Name: auth_user_groups; Type: TABLE; Schema: demo; Owner: djangotalentdashboard; Tablespace: 
--

CREATE TABLE auth_user_groups (
    id integer NOT NULL,
    user_id integer NOT NULL,
    group_id integer NOT NULL
);


ALTER TABLE demo.auth_user_groups OWNER TO djangotalentdashboard;

--
-- Name: auth_user_groups_id_seq; Type: SEQUENCE; Schema: demo; Owner: djangotalentdashboard
--

CREATE SEQUENCE auth_user_groups_id_seq
    START WITH 1
    INCREMENT BY 1
    NO MINVALUE
    NO MAXVALUE
    CACHE 1;


ALTER TABLE demo.auth_user_groups_id_seq OWNER TO djangotalentdashboard;

--
-- Name: auth_user_groups_id_seq; Type: SEQUENCE OWNED BY; Schema: demo; Owner: djangotalentdashboard
--

ALTER SEQUENCE auth_user_groups_id_seq OWNED BY auth_user_groups.id;


--
-- Name: auth_user_id_seq; Type: SEQUENCE; Schema: demo; Owner: djangotalentdashboard
--

CREATE SEQUENCE auth_user_id_seq
    START WITH 1
    INCREMENT BY 1
    NO MINVALUE
    NO MAXVALUE
    CACHE 1;


ALTER TABLE demo.auth_user_id_seq OWNER TO djangotalentdashboard;

--
-- Name: auth_user_id_seq; Type: SEQUENCE OWNED BY; Schema: demo; Owner: djangotalentdashboard
--

ALTER SEQUENCE auth_user_id_seq OWNED BY auth_user.id;


--
-- Name: auth_user_user_permissions; Type: TABLE; Schema: demo; Owner: djangotalentdashboard; Tablespace: 
--

CREATE TABLE auth_user_user_permissions (
    id integer NOT NULL,
    user_id integer NOT NULL,
    permission_id integer NOT NULL
);


ALTER TABLE demo.auth_user_user_permissions OWNER TO djangotalentdashboard;

--
-- Name: auth_user_user_permissions_id_seq; Type: SEQUENCE; Schema: demo; Owner: djangotalentdashboard
--

CREATE SEQUENCE auth_user_user_permissions_id_seq
    START WITH 1
    INCREMENT BY 1
    NO MINVALUE
    NO MAXVALUE
    CACHE 1;


ALTER TABLE demo.auth_user_user_permissions_id_seq OWNER TO djangotalentdashboard;

--
-- Name: auth_user_user_permissions_id_seq; Type: SEQUENCE OWNED BY; Schema: demo; Owner: djangotalentdashboard
--

ALTER SEQUENCE auth_user_user_permissions_id_seq OWNED BY auth_user_user_permissions.id;


--
-- Name: blah_comment; Type: TABLE; Schema: demo; Owner: djangotalentdashboard; Tablespace: 
--

CREATE TABLE blah_comment (
    id integer NOT NULL,
    content_type_id integer NOT NULL,
    object_id integer NOT NULL,
    owner_content_type_id integer,
    owner_id integer,
    content text NOT NULL,
    created_date timestamp with time zone NOT NULL,
    modified_date timestamp with time zone NOT NULL,
    CONSTRAINT blah_comment_object_id_check CHECK ((object_id >= 0)),
    CONSTRAINT blah_comment_owner_id_check CHECK ((owner_id >= 0))
);


ALTER TABLE demo.blah_comment OWNER TO djangotalentdashboard;

--
-- Name: blah_comment_id_seq; Type: SEQUENCE; Schema: demo; Owner: djangotalentdashboard
--

CREATE SEQUENCE blah_comment_id_seq
    START WITH 1
    INCREMENT BY 1
    NO MINVALUE
    NO MAXVALUE
    CACHE 1;


ALTER TABLE demo.blah_comment_id_seq OWNER TO djangotalentdashboard;

--
-- Name: blah_comment_id_seq; Type: SEQUENCE OWNED BY; Schema: demo; Owner: djangotalentdashboard
--

ALTER SEQUENCE blah_comment_id_seq OWNED BY blah_comment.id;


--
-- Name: comp_compensationsummary; Type: TABLE; Schema: demo; Owner: djangotalentdashboard; Tablespace: 
--

CREATE TABLE comp_compensationsummary (
    id integer NOT NULL,
    employee_id integer NOT NULL,
    year integer NOT NULL,
    fiscal_year integer NOT NULL,
    salary numeric(12,2) NOT NULL,
    bonus numeric(12,2) NOT NULL,
    discretionary numeric(12,2) NOT NULL,
    writer_payments_and_royalties numeric(12,2) NOT NULL
);


ALTER TABLE demo.comp_compensationsummary OWNER TO djangotalentdashboard;

--
-- Name: comp_compensationsummary_id_seq; Type: SEQUENCE; Schema: demo; Owner: djangotalentdashboard
--

CREATE SEQUENCE comp_compensationsummary_id_seq
    START WITH 1
    INCREMENT BY 1
    NO MINVALUE
    NO MAXVALUE
    CACHE 1;


ALTER TABLE demo.comp_compensationsummary_id_seq OWNER TO djangotalentdashboard;

--
-- Name: comp_compensationsummary_id_seq; Type: SEQUENCE OWNED BY; Schema: demo; Owner: djangotalentdashboard
--

ALTER SEQUENCE comp_compensationsummary_id_seq OWNED BY comp_compensationsummary.id;


--
-- Name: django_content_type; Type: TABLE; Schema: demo; Owner: djangotalentdashboard; Tablespace: 
--

CREATE TABLE django_content_type (
    id integer NOT NULL,
    name character varying(100) NOT NULL,
    app_label character varying(100) NOT NULL,
    model character varying(100) NOT NULL
);


ALTER TABLE demo.django_content_type OWNER TO djangotalentdashboard;

--
-- Name: django_content_type_id_seq; Type: SEQUENCE; Schema: demo; Owner: djangotalentdashboard
--

CREATE SEQUENCE django_content_type_id_seq
    START WITH 1
    INCREMENT BY 1
    NO MINVALUE
    NO MAXVALUE
    CACHE 1;


ALTER TABLE demo.django_content_type_id_seq OWNER TO djangotalentdashboard;

--
-- Name: django_content_type_id_seq; Type: SEQUENCE OWNED BY; Schema: demo; Owner: djangotalentdashboard
--

ALTER SEQUENCE django_content_type_id_seq OWNED BY django_content_type.id;


--
-- Name: engagement_happiness; Type: TABLE; Schema: demo; Owner: djangotalentdashboard; Tablespace: 
--

CREATE TABLE engagement_happiness (
    id integer NOT NULL,
    assessed_by_id integer NOT NULL,
    assessed_date date NOT NULL,
    employee_id integer NOT NULL,
    assessment integer NOT NULL
);


ALTER TABLE demo.engagement_happiness OWNER TO djangotalentdashboard;

--
-- Name: engagement_happiness_id_seq; Type: SEQUENCE; Schema: demo; Owner: djangotalentdashboard
--

CREATE SEQUENCE engagement_happiness_id_seq
    START WITH 1
    INCREMENT BY 1
    NO MINVALUE
    NO MAXVALUE
    CACHE 1;


ALTER TABLE demo.engagement_happiness_id_seq OWNER TO djangotalentdashboard;

--
-- Name: engagement_happiness_id_seq; Type: SEQUENCE OWNED BY; Schema: demo; Owner: djangotalentdashboard
--

ALTER SEQUENCE engagement_happiness_id_seq OWNED BY engagement_happiness.id;


--
-- Name: org_attribute; Type: TABLE; Schema: demo; Owner: djangotalentdashboard; Tablespace: 
--

CREATE TABLE org_attribute (
    id integer NOT NULL,
    employee_id integer NOT NULL,
    name character varying(255) NOT NULL,
    category_id integer
);


ALTER TABLE demo.org_attribute OWNER TO djangotalentdashboard;

--
-- Name: org_attribute_id_seq; Type: SEQUENCE; Schema: demo; Owner: djangotalentdashboard
--

CREATE SEQUENCE org_attribute_id_seq
    START WITH 1
    INCREMENT BY 1
    NO MINVALUE
    NO MAXVALUE
    CACHE 1;


ALTER TABLE demo.org_attribute_id_seq OWNER TO djangotalentdashboard;

--
-- Name: org_attribute_id_seq; Type: SEQUENCE OWNED BY; Schema: demo; Owner: djangotalentdashboard
--

ALTER SEQUENCE org_attribute_id_seq OWNED BY org_attribute.id;


--
-- Name: org_attributecategory; Type: TABLE; Schema: demo; Owner: djangotalentdashboard; Tablespace: 
--

CREATE TABLE org_attributecategory (
    id integer NOT NULL,
    name character varying(255) NOT NULL
);


ALTER TABLE demo.org_attributecategory OWNER TO djangotalentdashboard;

--
-- Name: org_attributecategory_id_seq; Type: SEQUENCE; Schema: demo; Owner: djangotalentdashboard
--

CREATE SEQUENCE org_attributecategory_id_seq
    START WITH 1
    INCREMENT BY 1
    NO MINVALUE
    NO MAXVALUE
    CACHE 1;


ALTER TABLE demo.org_attributecategory_id_seq OWNER TO djangotalentdashboard;

--
-- Name: org_attributecategory_id_seq; Type: SEQUENCE OWNED BY; Schema: demo; Owner: djangotalentdashboard
--

ALTER SEQUENCE org_attributecategory_id_seq OWNED BY org_attributecategory.id;


--
-- Name: org_employee; Type: TABLE; Schema: demo; Owner: djangotalentdashboard; Tablespace: 
--

CREATE TABLE org_employee (
    id integer NOT NULL,
    full_name character varying(255) NOT NULL,
    avatar character varying(100) NOT NULL,
    avatar_small character varying(100),
    job_title character varying(255) NOT NULL,
    base_camp character varying(255) NOT NULL,
    u_name character varying(255) NOT NULL,
    hire_date date,
    display boolean NOT NULL,
    team_id integer,
    user_id integer
);


ALTER TABLE demo.org_employee OWNER TO djangotalentdashboard;

--
-- Name: org_employee_id_seq; Type: SEQUENCE; Schema: demo; Owner: djangotalentdashboard
--

CREATE SEQUENCE org_employee_id_seq
    START WITH 1
    INCREMENT BY 1
    NO MINVALUE
    NO MAXVALUE
    CACHE 1;


ALTER TABLE demo.org_employee_id_seq OWNER TO djangotalentdashboard;

--
-- Name: org_employee_id_seq; Type: SEQUENCE OWNED BY; Schema: demo; Owner: djangotalentdashboard
--

ALTER SEQUENCE org_employee_id_seq OWNED BY org_employee.id;


--
-- Name: org_leadership; Type: TABLE; Schema: demo; Owner: djangotalentdashboard; Tablespace: 
--

CREATE TABLE org_leadership (
    id integer NOT NULL,
    leader_id integer NOT NULL,
    employee_id integer NOT NULL,
    start_date date NOT NULL,
    end_date date
);


ALTER TABLE demo.org_leadership OWNER TO djangotalentdashboard;

--
-- Name: org_leadership_id_seq; Type: SEQUENCE; Schema: demo; Owner: djangotalentdashboard
--

CREATE SEQUENCE org_leadership_id_seq
    START WITH 1
    INCREMENT BY 1
    NO MINVALUE
    NO MAXVALUE
    CACHE 1;


ALTER TABLE demo.org_leadership_id_seq OWNER TO djangotalentdashboard;

--
-- Name: org_leadership_id_seq; Type: SEQUENCE OWNED BY; Schema: demo; Owner: djangotalentdashboard
--

ALTER SEQUENCE org_leadership_id_seq OWNED BY org_leadership.id;


--
-- Name: org_mentorship; Type: TABLE; Schema: demo; Owner: djangotalentdashboard; Tablespace: 
--

CREATE TABLE org_mentorship (
    id integer NOT NULL,
    mentor_id integer NOT NULL,
    mentee_id integer NOT NULL
);


ALTER TABLE demo.org_mentorship OWNER TO djangotalentdashboard;

--
-- Name: org_mentorship_id_seq; Type: SEQUENCE; Schema: demo; Owner: djangotalentdashboard
--

CREATE SEQUENCE org_mentorship_id_seq
    START WITH 1
    INCREMENT BY 1
    NO MINVALUE
    NO MAXVALUE
    CACHE 1;


ALTER TABLE demo.org_mentorship_id_seq OWNER TO djangotalentdashboard;

--
-- Name: org_mentorship_id_seq; Type: SEQUENCE OWNED BY; Schema: demo; Owner: djangotalentdashboard
--

ALTER SEQUENCE org_mentorship_id_seq OWNED BY org_mentorship.id;


--
-- Name: org_team; Type: TABLE; Schema: demo; Owner: djangotalentdashboard; Tablespace: 
--

CREATE TABLE org_team (
    id integer NOT NULL,
    name character varying(255) NOT NULL,
    leader_id integer NOT NULL
);


ALTER TABLE demo.org_team OWNER TO djangotalentdashboard;

--
-- Name: org_team_id_seq; Type: SEQUENCE; Schema: demo; Owner: djangotalentdashboard
--

CREATE SEQUENCE org_team_id_seq
    START WITH 1
    INCREMENT BY 1
    NO MINVALUE
    NO MAXVALUE
    CACHE 1;


ALTER TABLE demo.org_team_id_seq OWNER TO djangotalentdashboard;

--
-- Name: org_team_id_seq; Type: SEQUENCE OWNED BY; Schema: demo; Owner: djangotalentdashboard
--

ALTER SEQUENCE org_team_id_seq OWNED BY org_team.id;


--
-- Name: pvp_evaluationround; Type: TABLE; Schema: demo; Owner: djangotalentdashboard; Tablespace: 
--

CREATE TABLE pvp_evaluationround (
    id integer NOT NULL,
    date date NOT NULL
);


ALTER TABLE demo.pvp_evaluationround OWNER TO djangotalentdashboard;

--
-- Name: pvp_evaluationround_id_seq; Type: SEQUENCE; Schema: demo; Owner: djangotalentdashboard
--

CREATE SEQUENCE pvp_evaluationround_id_seq
    START WITH 1
    INCREMENT BY 1
    NO MINVALUE
    NO MAXVALUE
    CACHE 1;


ALTER TABLE demo.pvp_evaluationround_id_seq OWNER TO djangotalentdashboard;

--
-- Name: pvp_evaluationround_id_seq; Type: SEQUENCE OWNED BY; Schema: demo; Owner: djangotalentdashboard
--

ALTER SEQUENCE pvp_evaluationround_id_seq OWNED BY pvp_evaluationround.id;


--
-- Name: pvp_pvpevaluation; Type: TABLE; Schema: demo; Owner: djangotalentdashboard; Tablespace: 
--

CREATE TABLE pvp_pvpevaluation (
    id integer NOT NULL,
    employee_id integer NOT NULL,
    evaluation_round_id integer NOT NULL,
    potential integer NOT NULL,
    performance integer NOT NULL
);


ALTER TABLE demo.pvp_pvpevaluation OWNER TO djangotalentdashboard;

--
-- Name: pvp_pvpevaluation_id_seq; Type: SEQUENCE; Schema: demo; Owner: djangotalentdashboard
--

CREATE SEQUENCE pvp_pvpevaluation_id_seq
    START WITH 1
    INCREMENT BY 1
    NO MINVALUE
    NO MAXVALUE
    CACHE 1;


ALTER TABLE demo.pvp_pvpevaluation_id_seq OWNER TO djangotalentdashboard;

--
-- Name: pvp_pvpevaluation_id_seq; Type: SEQUENCE OWNED BY; Schema: demo; Owner: djangotalentdashboard
--

ALTER SEQUENCE pvp_pvpevaluation_id_seq OWNED BY pvp_pvpevaluation.id;


--
-- Name: south_migrationhistory; Type: TABLE; Schema: demo; Owner: djangotalentdashboard; Tablespace: 
--

CREATE TABLE south_migrationhistory (
    id integer NOT NULL,
    app_name character varying(255) NOT NULL,
    migration character varying(255) NOT NULL,
    applied timestamp with time zone NOT NULL
);


ALTER TABLE demo.south_migrationhistory OWNER TO djangotalentdashboard;

--
-- Name: south_migrationhistory_id_seq; Type: SEQUENCE; Schema: demo; Owner: djangotalentdashboard
--

CREATE SEQUENCE south_migrationhistory_id_seq
    START WITH 1
    INCREMENT BY 1
    NO MINVALUE
    NO MAXVALUE
    CACHE 1;


ALTER TABLE demo.south_migrationhistory_id_seq OWNER TO djangotalentdashboard;

--
-- Name: south_migrationhistory_id_seq; Type: SEQUENCE OWNED BY; Schema: demo; Owner: djangotalentdashboard
--

ALTER SEQUENCE south_migrationhistory_id_seq OWNED BY south_migrationhistory.id;


--
-- Name: todo_task; Type: TABLE; Schema: demo; Owner: djangotalentdashboard; Tablespace: 
--

CREATE TABLE todo_task (
    id integer NOT NULL,
    created_by_id integer NOT NULL,
    assigned_to_id integer,
    assigned_by_id integer,
    employee_id integer NOT NULL,
    created_date date NOT NULL,
    due_date date,
    description character varying(255) NOT NULL,
    completed boolean NOT NULL
);


ALTER TABLE demo.todo_task OWNER TO djangotalentdashboard;

--
-- Name: todo_task_id_seq; Type: SEQUENCE; Schema: demo; Owner: djangotalentdashboard
--

CREATE SEQUENCE todo_task_id_seq
    START WITH 1
    INCREMENT BY 1
    NO MINVALUE
    NO MAXVALUE
    CACHE 1;


ALTER TABLE demo.todo_task_id_seq OWNER TO djangotalentdashboard;

--
-- Name: todo_task_id_seq; Type: SEQUENCE OWNED BY; Schema: demo; Owner: djangotalentdashboard
--

ALTER SEQUENCE todo_task_id_seq OWNED BY todo_task.id;


--
-- Name: id; Type: DEFAULT; Schema: demo; Owner: djangotalentdashboard
--

ALTER TABLE ONLY auth_group ALTER COLUMN id SET DEFAULT nextval('auth_group_id_seq'::regclass);


--
-- Name: id; Type: DEFAULT; Schema: demo; Owner: djangotalentdashboard
--

ALTER TABLE ONLY auth_group_permissions ALTER COLUMN id SET DEFAULT nextval('auth_group_permissions_id_seq'::regclass);


--
-- Name: id; Type: DEFAULT; Schema: demo; Owner: djangotalentdashboard
--

ALTER TABLE ONLY auth_permission ALTER COLUMN id SET DEFAULT nextval('auth_permission_id_seq'::regclass);


--
-- Name: id; Type: DEFAULT; Schema: demo; Owner: djangotalentdashboard
--

ALTER TABLE ONLY auth_user ALTER COLUMN id SET DEFAULT nextval('auth_user_id_seq'::regclass);


--
-- Name: id; Type: DEFAULT; Schema: demo; Owner: djangotalentdashboard
--

ALTER TABLE ONLY auth_user_groups ALTER COLUMN id SET DEFAULT nextval('auth_user_groups_id_seq'::regclass);


--
-- Name: id; Type: DEFAULT; Schema: demo; Owner: djangotalentdashboard
--

ALTER TABLE ONLY auth_user_user_permissions ALTER COLUMN id SET DEFAULT nextval('auth_user_user_permissions_id_seq'::regclass);


--
-- Name: id; Type: DEFAULT; Schema: demo; Owner: djangotalentdashboard
--

ALTER TABLE ONLY blah_comment ALTER COLUMN id SET DEFAULT nextval('blah_comment_id_seq'::regclass);


--
-- Name: id; Type: DEFAULT; Schema: demo; Owner: djangotalentdashboard
--

ALTER TABLE ONLY comp_compensationsummary ALTER COLUMN id SET DEFAULT nextval('comp_compensationsummary_id_seq'::regclass);


--
-- Name: id; Type: DEFAULT; Schema: demo; Owner: djangotalentdashboard
--

ALTER TABLE ONLY django_content_type ALTER COLUMN id SET DEFAULT nextval('django_content_type_id_seq'::regclass);


--
-- Name: id; Type: DEFAULT; Schema: demo; Owner: djangotalentdashboard
--

ALTER TABLE ONLY engagement_happiness ALTER COLUMN id SET DEFAULT nextval('engagement_happiness_id_seq'::regclass);


--
-- Name: id; Type: DEFAULT; Schema: demo; Owner: djangotalentdashboard
--

ALTER TABLE ONLY org_attribute ALTER COLUMN id SET DEFAULT nextval('org_attribute_id_seq'::regclass);


--
-- Name: id; Type: DEFAULT; Schema: demo; Owner: djangotalentdashboard
--

ALTER TABLE ONLY org_attributecategory ALTER COLUMN id SET DEFAULT nextval('org_attributecategory_id_seq'::regclass);


--
-- Name: id; Type: DEFAULT; Schema: demo; Owner: djangotalentdashboard
--

ALTER TABLE ONLY org_employee ALTER COLUMN id SET DEFAULT nextval('org_employee_id_seq'::regclass);


--
-- Name: id; Type: DEFAULT; Schema: demo; Owner: djangotalentdashboard
--

ALTER TABLE ONLY org_leadership ALTER COLUMN id SET DEFAULT nextval('org_leadership_id_seq'::regclass);


--
-- Name: id; Type: DEFAULT; Schema: demo; Owner: djangotalentdashboard
--

ALTER TABLE ONLY org_mentorship ALTER COLUMN id SET DEFAULT nextval('org_mentorship_id_seq'::regclass);


--
-- Name: id; Type: DEFAULT; Schema: demo; Owner: djangotalentdashboard
--

ALTER TABLE ONLY org_team ALTER COLUMN id SET DEFAULT nextval('org_team_id_seq'::regclass);


--
-- Name: id; Type: DEFAULT; Schema: demo; Owner: djangotalentdashboard
--

ALTER TABLE ONLY pvp_evaluationround ALTER COLUMN id SET DEFAULT nextval('pvp_evaluationround_id_seq'::regclass);


--
-- Name: id; Type: DEFAULT; Schema: demo; Owner: djangotalentdashboard
--

ALTER TABLE ONLY pvp_pvpevaluation ALTER COLUMN id SET DEFAULT nextval('pvp_pvpevaluation_id_seq'::regclass);


--
-- Name: id; Type: DEFAULT; Schema: demo; Owner: djangotalentdashboard
--

ALTER TABLE ONLY south_migrationhistory ALTER COLUMN id SET DEFAULT nextval('south_migrationhistory_id_seq'::regclass);


--
-- Name: id; Type: DEFAULT; Schema: demo; Owner: djangotalentdashboard
--

ALTER TABLE ONLY todo_task ALTER COLUMN id SET DEFAULT nextval('todo_task_id_seq'::regclass);


--
-- Data for Name: auth_group; Type: TABLE DATA; Schema: demo; Owner: djangotalentdashboard
--

COPY auth_group (id, name) FROM stdin;
\.


--
-- Name: auth_group_id_seq; Type: SEQUENCE SET; Schema: demo; Owner: djangotalentdashboard
--

SELECT pg_catalog.setval('auth_group_id_seq', 1, false);


--
-- Data for Name: auth_group_permissions; Type: TABLE DATA; Schema: demo; Owner: djangotalentdashboard
--

COPY auth_group_permissions (id, group_id, permission_id) FROM stdin;
\.


--
-- Name: auth_group_permissions_id_seq; Type: SEQUENCE SET; Schema: demo; Owner: djangotalentdashboard
--

SELECT pg_catalog.setval('auth_group_permissions_id_seq', 1, false);


--
-- Data for Name: auth_permission; Type: TABLE DATA; Schema: demo; Owner: djangotalentdashboard
--

COPY auth_permission (id, name, content_type_id, codename) FROM stdin;
1	Can add client	1	add_client
2	Can change client	1	change_client
3	Can delete client	1	delete_client
4	Can add content type	2	add_contenttype
5	Can change content type	2	change_contenttype
6	Can delete content type	2	delete_contenttype
7	Can add session	3	add_session
8	Can change session	3	change_session
9	Can delete session	3	delete_session
\.


--
-- Name: auth_permission_id_seq; Type: SEQUENCE SET; Schema: demo; Owner: djangotalentdashboard
--

SELECT pg_catalog.setval('auth_permission_id_seq', 9, true);


--
-- Data for Name: auth_user; Type: TABLE DATA; Schema: demo; Owner: djangotalentdashboard
--

COPY auth_user (id, password, last_login, is_superuser, username, first_name, last_name, email, is_staff, is_active, date_joined) FROM stdin;
1	pbkdf2_sha256$10000$pec5CpJQji9Z$LGVNdjwBD/hUv0xtL4qDMYEEdvr5d2nOg0c0bT6Kb/U=	2014-02-24 19:08:39.173819-05	t	natem			natem@fool.com	t	t	2014-02-24 19:08:03.698941-05
\.


--
-- Data for Name: auth_user_groups; Type: TABLE DATA; Schema: demo; Owner: djangotalentdashboard
--

COPY auth_user_groups (id, user_id, group_id) FROM stdin;
\.


--
-- Name: auth_user_groups_id_seq; Type: SEQUENCE SET; Schema: demo; Owner: djangotalentdashboard
--

SELECT pg_catalog.setval('auth_user_groups_id_seq', 1, false);


--
-- Name: auth_user_id_seq; Type: SEQUENCE SET; Schema: demo; Owner: djangotalentdashboard
--

SELECT pg_catalog.setval('auth_user_id_seq', 1, true);


--
-- Data for Name: auth_user_user_permissions; Type: TABLE DATA; Schema: demo; Owner: djangotalentdashboard
--

COPY auth_user_user_permissions (id, user_id, permission_id) FROM stdin;
\.


--
-- Name: auth_user_user_permissions_id_seq; Type: SEQUENCE SET; Schema: demo; Owner: djangotalentdashboard
--

SELECT pg_catalog.setval('auth_user_user_permissions_id_seq', 1, false);


--
-- Data for Name: blah_comment; Type: TABLE DATA; Schema: demo; Owner: djangotalentdashboard
--

COPY blah_comment (id, content_type_id, object_id, owner_content_type_id, owner_id, content, created_date, modified_date) FROM stdin;
\.


--
-- Name: blah_comment_id_seq; Type: SEQUENCE SET; Schema: demo; Owner: djangotalentdashboard
--

SELECT pg_catalog.setval('blah_comment_id_seq', 1, false);


--
-- Data for Name: comp_compensationsummary; Type: TABLE DATA; Schema: demo; Owner: djangotalentdashboard
--

COPY comp_compensationsummary (id, employee_id, salary, bonus, discretionary, writer_payments_and_royalties, fiscal_year, year) FROM stdin;
1	1281	76999.92	7300.00	0.00	30.00	0	2011
2	1281	76999.92	3965.50	0.00	0.00	0	2012
3	1281	80100.00	4685.85	0.00	0.00	0	2013
4	1282	78000.00	0.00	0.00	0.00	0	2010
5	1282	81100.08	13700.00	0.00	133.00	0	2011
6	1282	94999.92	8353.31	0.00	875.00	0	2012
7	1282	98799.84	11559.58	0.00	0.00	0	2013
8	1283	56000.16	0.00	0.00	0.00	0	2010
9	1283	64999.92	5600.00	0.00	121.00	0	2011
10	1283	64999.92	6694.99	2500.00	0.00	0	2012
11	1283	72000.00	12636.00	2500.00	0.00	0	2013
12	1284	125000.16	0.00	0.00	0.00	0	2010
13	1284	130000.08	43800.00	0.00	88.00	0	2011
14	1284	130000.08	26780.02	0.00	0.00	0	2012
15	1284	135200.16	0.00	0.00	0.00	0	2013
16	1285	88500.00	0.00	0.00	0.00	0	2010
17	1285	93000.00	15500.00	0.00	79.00	0	2011
18	1285	93000.00	9579.00	2500.00	0.00	0	2012
19	1285	96700.08	11313.91	1000.00	0.00	0	2013
20	1286	78500.16	0.00	0.00	0.00	0	2010
21	1286	81700.08	7900.00	0.00	132.00	0	2011
22	1286	81700.08	4207.55	0.00	0.00	0	2012
23	1286	84970.08	4970.75	0.00	0.00	0	2013
24	1287	104000.16	0.00	0.00	0.00	0	2010
25	1287	108160.08	18200.00	0.00	141.00	0	2011
26	1287	108160.08	22280.98	0.00	250.00	0	2012
27	1287	110299.92	25810.18	2500.00	0.00	0	2013
28	1288	136500.00	0.00	0.00	0.00	0	2010
29	1288	145000.08	71700.00	5000.00	179.00	0	2011
30	1288	145000.08	44805.02	10000.00	0.00	0	2012
31	1288	150800.16	0.00	0.00	0.00	0	2013
32	1289	107500.08	0.00	0.00	0.00	0	2010
33	1289	111799.92	18900.00	0.00	105.00	0	2011
34	1289	111799.92	23030.78	0.00	0.00	0	2012
35	1289	116299.92	27214.18	0.00	0.00	0	2013
36	1290	87000.00	0.00	0.00	0.00	0	2010
37	1290	105000.00	15300.00	0.00	134.00	0	2011
38	1290	68952.00	19513.42	1500.00	0.00	0	2013
39	1291	95500.08	0.00	0.00	0.00	0	2010
40	1291	97500.00	16800.00	0.00	113.00	0	2011
41	1291	97500.00	10042.50	0.00	0.00	0	2012
42	1291	101400.00	11863.80	0.00	0.00	0	2013
43	1292	100000.08	4000.00	0.00	114.00	0	2011
44	1292	109999.92	10300.01	0.00	0.00	0	2012
45	1292	114399.84	26769.56	0.00	0.00	0	2013
46	1293	52000.08	2000.00	0.00	158.00	0	2011
47	1293	52000.08	2678.00	10000.00	3500.00	0	2012
48	1293	67599.84	3954.59	0.00	0.00	0	2013
49	1294	67599.84	3954.59	0.00	0.00	0	2013
50	1295	41500.08	1900.00	0.00	73.00	0	2011
51	1295	41500.08	2137.25	0.00	0.00	0	2012
52	1295	45000.00	2632.50	0.00	0.00	0	2013
53	1296	47250.00	2000.00	0.00	97.00	0	2011
54	1296	47250.00	2433.38	0.00	0.00	0	2012
55	1296	49140.00	2874.69	0.00	0.00	0	2013
56	1297	76000.08	4000.00	0.00	139.00	0	2011
57	1297	76000.08	3914.00	0.00	0.00	0	2012
58	1297	79040.16	4623.85	0.00	0.00	0	2013
59	1298	56200.08	2900.00	0.00	4.00	0	2011
60	1298	61999.92	3193.00	0.00	0.00	0	2012
61	1298	64479.84	3772.07	0.00	0.00	0	2013
62	1299	52999.92	3500.00	0.00	181.00	0	2011
63	1299	52999.92	2729.50	1250.00	0.00	0	2012
64	1299	63600.00	3720.60	0.00	0.00	0	2013
65	1300	55200.00	3700.00	0.00	91.00	0	2011
66	1300	55200.00	2842.80	1250.00	50.00	0	2012
67	1300	70000.08	4095.01	2500.00	0.00	0	2013
68	1301	54000.00	4200.00	0.00	53.00	0	2011
69	1301	61000.08	3141.50	1250.00	0.00	0	2012
70	1301	67999.92	7955.99	0.00	0.00	0	2013
71	1302	48000.00	3900.00	2500.00	71.00	0	2011
72	1302	65100.00	3808.35	1000.00	0.00	0	2013
73	1303	58000.08	0.00	0.00	0.00	0	2010
74	1303	65000.16	5800.00	0.00	51.00	0	2011
75	1303	65000.16	3347.51	2500.00	0.00	0	2012
76	1303	76000.08	4446.01	0.00	0.00	0	2013
77	1304	139999.92	58900.00	0.00	166.00	0	2011
78	1304	139999.92	36049.98	0.00	0.00	0	2012
79	1304	145599.84	42587.95	2500.00	0.00	0	2013
80	1305	63500.16	0.00	0.00	0.00	0	2010
81	1305	67000.08	6400.00	0.00	130.00	0	2011
82	1305	67000.08	3450.50	0.00	0.00	0	2012
83	1305	69700.08	4077.45	1000.00	0.00	0	2013
84	1306	101500.08	0.00	0.00	0.00	0	2010
85	1306	109999.92	17800.00	0.00	84.00	0	2011
86	1306	109999.92	22659.98	0.00	0.00	0	2012
87	1306	114399.84	26769.56	0.00	0.00	0	2013
88	1307	52000.08	0.00	0.00	0.00	0	2010
89	1307	72000.00	5200.00	0.00	126.00	0	2011
90	1307	85000.08	8755.01	1250.00	2975.00	0	2012
91	1307	100000.08	11700.01	5000.00	0.00	0	2013
92	1308	52000.08	0.00	0.00	0.00	0	2010
93	1308	67999.92	5200.00	0.00	116.00	0	2011
94	1308	67999.92	3502.00	5000.00	4350.00	0	2012
95	1308	79999.92	9359.99	2500.00	0.00	0	2013
96	1309	60000.00	0.00	0.00	0.00	0	2010
97	1309	70000.08	6000.00	0.00	13.00	0	2011
98	1309	94999.92	7210.01	10000.00	75050.00	0	2012
99	1309	103000.08	0.00	0.00	0.00	0	2013
100	1310	104000.16	0.00	0.00	0.00	0	2010
101	1310	124999.92	0.00	25000.00	144.00	0	2011
102	1310	124999.92	32187.48	0.00	0.00	0	2012
103	1310	129999.84	0.00	0.00	0.00	0	2013
104	1311	52000.08	0.00	0.00	0.00	0	2010
105	1311	72000.00	5200.00	2500.00	77.00	0	2011
106	1311	72000.00	3708.00	5000.00	5044.64	0	2012
107	1311	85000.08	9945.01	5000.00	0.00	0	2013
108	1312	41600.16	0.00	0.00	0.00	0	2010
109	1312	43300.08	4200.00	0.00	131.00	0	2011
110	1312	43300.08	2229.95	0.00	0.00	0	2012
111	1312	45030.00	2634.25	0.00	0.00	0	2013
112	1313	54100.08	3164.85	0.00	0.00	0	2013
113	1314	42700.08	0.00	0.00	0.00	0	2010
114	1314	44400.00	4300.00	0.00	123.00	0	2011
115	1314	44400.00	2286.60	0.00	0.00	0	2012
116	1314	46200.00	2702.70	0.00	0.00	0	2013
117	1315	182000.16	0.00	0.00	0.00	0	2010
118	1315	220000.08	136500.00	0.00	37.00	0	2011
119	1315	220000.08	0.00	0.00	888.00	0	2012
120	1315	228800.16	0.00	0.00	0.00	0	2013
121	1316	72500.16	0.00	0.00	0.00	0	2010
122	1316	75000.00	7300.00	0.00	83.00	0	2011
123	1316	75000.00	3862.50	0.00	0.00	0	2012
124	1316	78000.00	4563.00	0.00	0.00	0	2013
125	1317	176800.08	0.00	0.00	0.00	0	2010
126	1317	184000.08	123800.00	0.00	82.00	0	2011
127	1317	184000.08	79488.04	0.00	0.00	0	2012
128	1317	187600.08	43898.42	0.00	0.00	0	2013
129	1318	114400.08	0.00	0.00	0.00	0	2010
130	1318	120000.00	20100.00	5500.00	3.00	0	2011
131	1318	120000.00	18540.00	2500.00	100.00	0	2012
132	1318	124800.00	21902.40	2500.00	0.00	0	2013
133	1319	113500.08	0.00	0.00	0.00	0	2010
134	1319	126000.00	42000.00	0.00	150.00	0	2011
135	1319	126000.00	25956.00	0.00	0.00	0	2012
136	1319	130999.92	30653.98	0.00	0.00	0	2013
137	1320	61000.08	0.00	0.00	0.00	0	2010
138	1320	63499.92	6100.00	0.00	92.00	0	2011
139	1320	63499.92	3270.25	0.00	0.00	0	2012
140	1320	66039.84	3863.33	0.00	0.00	0	2013
141	1321	88000.08	0.00	0.00	0.00	0	2010
142	1321	93000.00	8800.00	4500.00	178.00	0	2011
143	1321	93000.00	9579.00	10000.00	0.00	0	2012
144	1321	100000.08	23400.02	5000.00	0.00	0	2013
145	1322	93000.00	0.00	0.00	0.00	0	2010
146	1322	94999.92	16300.00	0.00	42.00	0	2011
147	1322	94999.92	9784.99	0.00	0.00	0	2012
148	1322	94999.92	11114.99	0.00	0.00	0	2013
149	1323	83200.08	0.00	0.00	0.00	0	2010
150	1323	86500.08	8400.00	0.00	2.00	0	2011
151	1323	86500.08	4454.75	0.00	0.00	0	2012
152	1323	89960.16	5262.67	0.00	0.00	0	2013
153	1324	93000.00	0.00	0.00	0.00	0	2010
154	1324	96000.00	16300.00	0.00	87.00	0	2011
155	1324	96000.00	9888.00	0.00	0.00	0	2012
156	1324	99799.92	11676.59	0.00	0.00	0	2013
157	1325	80000.16	0.00	0.00	0.00	0	2010
158	1325	91000.08	8000.00	4000.01	152.00	0	2011
159	1325	91000.08	9373.01	0.00	0.00	0	2012
160	1325	100000.08	23400.02	2500.00	0.00	0	2013
161	1326	74700.00	0.00	0.00	0.00	0	2010
162	1326	77688.00	7500.00	0.00	55.00	0	2011
163	1326	77688.00	4000.93	0.00	1975.00	0	2012
164	1326	80800.08	4726.81	0.00	0.00	0	2013
165	1327	86500.08	0.00	0.00	0.00	0	2010
166	1327	90000.00	8700.00	0.00	168.00	0	2011
167	1327	90000.00	9270.00	0.00	0.00	0	2012
168	1327	93600.00	10951.20	0.00	0.00	0	2013
169	1328	65000.16	0.00	0.00	0.00	0	2010
170	1328	69000.00	6500.00	3500.00	160.00	0	2011
171	1328	75000.00	7725.00	5000.00	0.00	0	2012
172	1328	100800.00	17690.40	5000.00	0.00	0	2013
173	1329	92000.16	0.00	0.00	0.00	0	2010
174	1329	97999.92	16100.00	4500.00	180.00	0	2011
175	1329	97999.92	20187.98	2500.00	0.00	0	2012
176	1329	105000.00	24570.00	5000.00	0.00	0	2013
177	1330	88600.08	0.00	0.00	0.00	0	2010
178	1330	91999.92	15500.00	3500.00	50.00	0	2011
179	1330	91999.92	9475.99	1250.00	0.00	0	2012
180	1330	95700.00	11196.90	0.00	0.00	0	2013
181	1331	115500.00	0.00	0.00	0.00	0	2010
182	1331	120199.92	30400.00	0.00	129.00	0	2011
183	1331	130000.08	20085.01	10000.00	17854.57	0	2012
184	1331	130000.08	30420.02	0.00	0.00	0	2013
185	1332	92100.00	0.00	0.00	0.00	0	2010
186	1332	95800.08	16200.00	0.00	78.00	0	2011
187	1332	95800.08	9867.41	0.00	0.00	0	2012
188	1332	97699.92	11430.89	0.00	0.00	0	2013
189	1333	285000.00	0.00	0.00	0.00	0	2010
190	1333	285000.00	0.00	190000.00	143.00	0	2011
191	1333	285000.00	0.00	0.00	0.00	0	2012
192	1333	285000.00	66690.00	5000.00	0.00	0	2013
193	1334	80600.16	0.00	0.00	0.00	0	2010
194	1334	84499.92	14100.00	0.00	182.00	0	2011
195	1334	84499.92	8703.49	0.00	0.00	0	2012
196	1334	87900.00	10284.30	0.00	0.00	0	2013
197	1335	97800.00	0.00	0.00	0.00	0	2010
198	1335	100800.00	17200.00	0.00	159.00	0	2011
199	1335	100800.00	10382.40	0.00	0.00	0	2012
200	1335	102799.92	12027.59	0.00	0.00	0	2013
201	1336	92500.08	0.00	0.00	0.00	0	2010
202	1336	100000.08	16200.00	0.00	163.00	0	2011
203	1336	100000.08	10300.01	2500.00	25.00	0	2012
204	1336	110000.16	25740.04	0.00	0.00	0	2013
205	1337	100000.08	0.00	0.00	0.00	0	2010
206	1337	124999.92	0.00	12000.00	102.00	0	2011
207	1337	124999.92	32187.48	0.00	3075.50	0	2012
208	1337	125178.30	44281.82	2500.00	0.00	0	2013
209	1338	87000.00	0.00	0.00	0.00	0	2010
210	1338	90000.00	15300.00	0.00	1.00	0	2011
211	1338	90000.00	9270.00	0.00	0.00	0	2012
212	1338	93600.00	0.00	0.00	0.00	0	2013
213	1339	83200.08	0.00	0.00	0.00	0	2010
214	1339	86500.08	8400.00	0.00	149.00	0	2011
215	1339	86500.08	4454.75	0.00	0.00	0	2012
216	1339	89960.16	5262.67	0.00	0.00	0	2013
217	1340	68000.16	0.00	0.00	0.00	0	2010
218	1340	78000.00	6800.00	2500.00	140.00	0	2011
219	1340	78000.00	4017.00	2500.00	0.00	0	2012
220	1340	82999.92	4855.49	2500.00	0.00	0	2013
221	1341	130000.08	0.00	0.00	0.00	0	2010
222	1341	160000.08	0.00	37500.00	81.00	0	2011
223	1341	160000.08	49440.02	0.00	109376.00	0	2012
224	1341	166400.16	58406.46	0.00	0.00	0	2013
225	1342	79500.00	0.00	0.00	0.00	0	2010
226	1342	102000.00	8000.00	0.00	27.00	0	2011
227	1342	102000.00	15759.00	0.00	0.00	0	2012
228	1342	106080.00	18617.04	0.00	0.00	0	2013
229	1343	63500.16	0.00	0.00	0.00	0	2010
230	1343	72000.00	6400.00	0.00	142.00	0	2011
231	1343	72000.00	3708.00	0.00	187095.00	0	2012
232	1343	74880.00	4380.48	0.00	0.00	0	2013
233	1344	68000.16	0.00	0.00	0.00	0	2010
234	1344	90000.00	6800.00	2500.00	12.00	0	2011
235	1344	105000.00	9270.00	10000.00	1125.00	0	2012
236	1344	109999.92	0.00	0.00	0.00	0	2013
237	1345	78000.00	0.00	0.00	0.00	0	2010
238	1345	81199.92	13700.00	0.00	24.00	0	2011
239	1345	81199.92	4181.80	0.00	0.00	0	2012
240	1345	87700.08	10260.91	0.00	0.00	0	2013
241	1346	85700.16	0.00	0.00	0.00	0	2010
242	1346	89100.00	15000.00	0.00	72.00	0	2011
243	1346	89100.00	9177.30	0.00	0.00	0	2012
244	1346	92700.00	10845.90	0.00	0.00	0	2013
245	1347	87600.00	0.00	0.00	0.00	0	2010
246	1347	87600.00	15400.00	0.00	110.00	0	2011
247	1347	87600.00	9022.80	0.00	18238.02	0	2012
248	1347	91099.92	10658.69	0.00	0.00	0	2013
249	1348	61500.00	0.00	0.00	0.00	0	2010
250	1348	81000.00	6200.00	0.00	98.00	0	2011
251	1348	81000.00	8343.00	2500.00	6125.00	0	2012
252	1348	84199.92	9851.39	1000.00	0.00	0	2013
253	1349	55000.08	0.00	0.00	0.00	0	2010
254	1349	57000.00	5500.00	0.00	15.00	0	2011
255	1349	57000.00	2935.50	0.00	0.00	0	2012
256	1349	59280.00	3467.88	0.00	0.00	0	2013
257	1350	68500.08	0.00	0.00	0.00	0	2010
258	1350	75000.00	12600.00	2500.00	170.00	0	2011
259	1350	75000.00	7725.00	0.00	0.00	0	2012
260	1350	78000.00	9126.00	0.00	0.00	0	2013
261	1351	49000.08	0.00	0.00	0.00	0	2010
262	1351	51000.00	4900.00	0.00	44.00	0	2011
263	1351	51000.00	2626.50	0.00	0.00	0	2012
264	1351	53040.00	0.00	0.00	0.00	0	2013
265	1352	47000.16	0.00	0.00	0.00	0	2010
266	1352	49000.08	4700.00	0.00	23.00	0	2011
267	1352	49000.08	2523.50	5000.00	0.00	0	2012
268	1352	60500.16	3539.26	0.00	0.00	0	2013
269	1353	65000.16	0.00	0.00	0.00	0	2010
270	1353	67999.92	6500.00	0.00	119.00	0	2011
271	1353	72000.00	7416.00	0.00	1737.50	0	2012
272	1353	79999.92	9359.99	0.00	0.00	0	2013
273	1354	124800.00	0.00	0.00	0.00	0	2010
274	1354	130000.08	21900.00	6500.00	161.00	0	2011
275	1354	130000.08	26780.02	0.00	0.00	0	2012
276	1354	135200.16	31636.84	0.00	0.00	0	2013
277	1355	182000.16	0.00	0.00	0.00	0	2010
278	1355	250000.08	0.00	25000.00	66.00	0	2011
279	1355	250000.08	103000.03	10000.00	0.00	0	2012
280	1355	316500.00	0.00	0.00	0.00	0	2013
281	1356	125000.16	0.00	0.00	0.00	0	2010
282	1356	165000.00	0.00	31000.00	68.00	0	2011
283	1356	161199.84	0.00	0.00	0.00	0	2013
284	1357	79000.08	0.00	0.00	0.00	0	2010
285	1357	82200.00	13900.00	0.00	125.00	0	2011
286	1357	82200.00	8466.60	0.00	0.00	0	2012
287	1357	85500.00	10003.50	0.00	0.00	0	2013
288	1358	53500.08	0.00	0.00	0.00	0	2010
289	1358	55500.00	5400.00	0.00	111.00	0	2011
290	1358	55500.00	2858.25	1250.00	0.00	0	2012
291	1358	57720.00	3376.62	0.00	0.00	0	2013
292	1359	92000.16	0.00	0.00	0.00	0	2010
293	1359	103999.92	16100.00	4500.00	108.00	0	2011
294	1359	103999.92	21423.98	5000.00	0.00	0	2012
295	1359	112000.08	26208.02	7500.00	0.00	0	2013
296	1360	149000.16	0.00	0.00	0.00	0	2010
297	1360	154999.92	0.00	30000.00	11.00	0	2011
298	1360	154999.92	31929.98	0.00	0.00	0	2012
299	1360	158100.00	36995.40	0.00	0.00	0	2013
300	1361	78000.00	0.00	0.00	0.00	0	2010
301	1361	120000.00	13700.00	4000.00	5.00	0	2011
302	1361	120000.00	24720.00	2500.00	5725.00	0	2012
303	1361	124800.00	0.00	0.00	0.00	0	2013
304	1362	67500.00	0.00	0.00	0.00	0	2010
305	1362	78000.00	6800.00	3500.00	174.00	0	2011
306	1362	90000.00	8034.00	0.00	250.00	0	2012
307	1362	93600.00	10951.20	5000.00	0.00	0	2013
308	1363	58000.08	0.00	0.00	0.00	0	2010
309	1363	60300.00	5800.00	0.00	175.00	0	2011
310	1363	60300.00	3105.45	0.00	8325.00	0	2012
311	1363	62700.00	3667.95	0.00	0.00	0	2013
312	1364	62500.08	0.00	0.00	0.00	0	2010
313	1364	67000.08	6300.00	0.00	165.00	0	2011
314	1364	67000.08	6901.01	0.00	375.50	0	2012
315	1364	69680.16	8152.58	2500.00	0.00	0	2013
316	1365	75000.00	0.00	0.00	0.00	0	2010
317	1365	75000.00	13200.00	0.00	172.00	0	2011
318	1365	54080.00	7652.32	3000.00	0.00	0	2013
319	1366	75000.00	0.00	0.00	0.00	0	2010
320	1366	90000.00	13200.00	3800.00	38.00	0	2011
321	1366	94500.00	9270.00	10000.00	1500.00	0	2012
322	1366	124999.92	29249.98	5000.00	0.00	0	2013
323	1367	57200.16	0.00	0.00	0.00	0	2010
324	1367	59500.08	5800.00	0.00	47.00	0	2011
325	1367	59500.08	3064.25	0.00	7925.00	0	2012
326	1367	70999.92	4153.49	0.00	0.00	0	2013
327	1368	66300.00	0.00	0.00	0.00	0	2010
328	1368	69000.00	6700.00	3500.00	14.00	0	2011
329	1368	69000.00	3553.50	0.00	0.00	0	2012
330	1368	74880.00	8760.96	2500.00	0.00	0	2013
331	1369	100000.08	0.00	0.00	0.00	0	2010
332	1369	104000.16	0.00	11500.00	65.00	0	2011
333	1369	115000.08	23690.02	0.00	600.00	0	2012
334	1369	117300.00	27448.20	0.00	0.00	0	2013
335	1370	60000.00	0.00	0.00	0.00	0	2010
336	1370	62500.08	6000.00	3000.00	115.00	0	2011
337	1370	62500.08	3218.75	0.00	138225.00	0	2012
338	1370	65000.16	0.00	0.00	0.00	0	2013
339	1371	120000.00	0.00	0.00	0.00	0	2010
340	1371	139999.92	42000.00	0.00	99.00	0	2011
341	1371	139999.92	43259.98	5000.00	0.00	0	2012
342	1371	150000.00	52650.00	10000.00	0.00	0	2013
343	1372	104000.16	0.00	0.00	0.00	0	2010
344	1372	104000.16	0.00	0.00	173.00	0	2011
345	1372	104000.16	0.00	10000.00	176114.00	0	2012
346	1372	108199.92	0.00	2500.00	0.00	0	2013
347	1373	41400.00	0.00	0.00	0.00	0	2010
348	1373	46500.00	4200.00	0.00	138.00	0	2011
349	1373	46500.00	2394.75	0.00	0.00	0	2012
350	1373	48360.00	2829.06	0.00	0.00	0	2013
351	1374	48600.00	0.00	0.00	0.00	0	2010
352	1374	56700.00	9700.00	0.00	101.00	0	2011
353	1374	56700.00	5840.10	0.00	0.00	0	2012
354	1374	58950.00	6897.15	0.00	0.00	0	2013
355	1375	89000.16	0.00	0.00	0.00	0	2010
356	1375	91800.00	9000.00	0.00	122.00	0	2011
357	1375	91800.00	9455.40	0.00	0.00	0	2012
358	1375	100000.08	11700.01	2500.00	0.00	0	2013
359	1376	69000.00	0.00	0.00	0.00	0	2010
360	1376	72000.00	6900.00	0.00	103.00	0	2011
361	1376	72000.00	3708.00	0.00	0.00	0	2012
362	1376	74880.00	4380.48	0.00	0.00	0	2013
363	1377	88400.16	0.00	0.00	0.00	0	2010
364	1377	93700.08	15500.00	0.00	18.00	0	2011
365	1377	93700.08	9651.11	0.00	0.00	0	2012
366	1377	97450.08	11401.66	2500.00	0.00	0	2013
367	1378	88400.16	0.00	0.00	0.00	0	2010
368	1378	91000.08	15500.00	0.00	75.00	0	2011
369	1378	91000.08	9373.01	0.00	33888.00	0	2012
370	1378	94600.08	11068.21	2500.00	0.00	0	2013
371	1379	104000.16	0.00	0.00	0.00	0	2010
372	1379	109999.92	18200.00	5000.00	67.00	0	2011
373	1379	109999.92	22659.98	5000.00	0.00	0	2012
374	1379	124999.92	43874.98	0.00	0.00	0	2013
375	1380	78400.08	0.00	0.00	0.00	0	2010
376	1380	82000.08	13800.00	4000.00	33.00	0	2011
377	1380	82000.08	8446.01	1250.00	0.00	0	2012
378	1380	90000.00	10530.00	0.00	0.00	0	2013
379	1381	67600.08	0.00	0.00	0.00	0	2010
380	1381	76000.08	6800.00	1500.00	39.00	0	2011
381	1381	76000.08	7828.01	0.00	0.00	0	2012
382	1381	79040.16	9247.70	0.00	0.00	0	2013
383	1382	101200.08	0.00	0.00	0.00	0	2010
384	1382	108000.00	17800.00	0.00	127.00	0	2011
385	1382	108000.00	16686.00	1250.00	0.00	0	2012
386	1382	110200.08	0.00	0.00	0.00	0	2013
387	1383	210000.00	0.00	0.00	0.00	0	2010
388	1383	220000.08	147000.00	0.00	63.00	0	2011
389	1383	220000.08	0.00	0.00	250.00	0	2012
390	1383	228800.16	0.00	0.00	0.00	0	2013
391	1384	71600.16	0.00	0.00	0.00	0	2010
392	1384	74500.08	7200.00	0.00	117.00	0	2011
393	1384	74500.08	3836.75	0.00	3350.00	0	2012
394	1384	77500.08	9067.51	2500.00	0.00	0	2013
395	1385	100000.08	0.00	0.00	0.00	0	2010
396	1385	106000.08	35000.00	2500.00	22.00	0	2011
397	1385	106000.08	21836.02	0.00	0.00	0	2012
398	1385	112000.08	26208.02	5000.00	0.00	0	2013
399	1386	63440.00	8976.76	0.00	0.00	0	2013
400	1387	78000.00	0.00	0.00	0.00	0	2010
401	1387	78000.00	13200.00	0.00	183.00	0	2011
402	1387	78000.00	8034.00	0.00	125.00	0	2012
403	1387	81100.08	9488.71	0.00	0.00	0	2013
404	1388	45360.00	2336.04	1250.00	0.00	0	2012
405	1388	55000.08	3217.51	2500.00	0.00	0	2013
406	1389	60320.00	8535.28	3000.00	0.00	0	2013
407	1390	71400.00	0.00	0.00	0.00	0	2010
408	1390	74500.08	12500.00	3500.00	31.00	0	2011
409	1390	74500.08	7673.51	0.00	234750.00	0	2012
410	1390	77500.08	9067.51	0.00	0.00	0	2013
411	1391	100000.08	0.00	0.00	0.00	0	2010
412	1391	119600.16	17500.00	0.00	48.00	0	2011
413	1391	119600.16	18478.22	5000.00	0.00	0	2012
414	1391	124399.92	21832.18	5000.00	0.00	0	2013
415	1392	41600.16	0.00	0.00	0.00	0	2010
416	1392	43300.08	4200.00	0.00	148.00	0	2011
417	1392	43300.08	2229.95	0.00	0.00	0	2012
418	1392	45030.00	2634.25	0.00	0.00	0	2013
419	1393	103800.00	0.00	0.00	0.00	0	2010
420	1393	108000.00	18200.00	0.00	69.00	0	2011
421	1393	108000.00	16686.00	0.00	500.00	0	2012
422	1393	112300.08	19708.66	2500.00	0.00	0	2013
423	1394	128400.00	0.00	0.00	0.00	0	2010
424	1394	133500.00	45000.00	0.00	94.00	0	2011
425	1394	133500.00	27501.00	0.00	0.00	0	2012
426	1394	138799.92	32479.18	5000.00	0.00	0	2013
427	1395	61800.00	0.00	0.00	0.00	0	2010
428	1395	63400.08	6200.00	0.00	176.00	0	2011
429	1395	63400.08	3265.10	0.00	18725.00	0	2012
430	1395	70000.08	4095.01	0.00	0.00	0	2013
431	1396	100000.08	0.00	0.00	0.00	0	2013
432	1397	83200.08	0.00	0.00	0.00	0	2010
433	1397	86500.08	14600.00	0.00	156.00	0	2011
434	1397	86500.08	8909.51	0.00	0.00	0	2012
435	1397	115000.08	20182.52	0.00	0.00	0	2013
436	1398	89700.00	0.00	0.00	0.00	0	2010
437	1398	93300.00	15700.00	0.00	90.00	0	2011
438	1398	93300.00	9609.90	0.00	25.00	0	2012
439	1398	97000.08	11349.01	0.00	0.00	0	2013
440	1399	206000.16	0.00	0.00	0.00	0	2010
441	1399	214249.92	0.00	115000.00	86.00	0	2011
442	1399	214249.92	0.00	10000.00	0.00	0	2012
443	1399	222799.92	104270.36	2500.00	0.00	0	2013
444	1400	364000.08	170352.04	10000.00	0.00	0	2013
445	1401	350000.16	0.00	0.00	0.00	0	2010
446	1401	375000.00	0.00	0.00	54.00	0	2011
447	1401	432000.00	177984.00	10000.00	164215.00	0	2012
448	1401	450000.00	210600.00	10000.00	0.00	0	2013
449	1402	55500.00	0.00	0.00	0.00	0	2010
450	1402	57750.00	5600.00	0.00	135.00	0	2011
451	1402	57750.00	2974.13	0.00	184.00	0	2012
452	1402	69300.00	4054.05	0.00	0.00	0	2013
453	1403	46800.00	0.00	0.00	0.00	0	2010
454	1403	62400.00	6000.00	0.00	8.00	0	2011
455	1403	62400.00	3213.60	1250.00	0.00	0	2012
456	1403	64900.08	3796.65	0.00	0.00	0	2013
457	1404	49000.08	0.00	0.00	0.00	0	2010
458	1404	51000.00	4900.00	0.00	169.00	0	2011
459	1404	60000.00	3090.00	0.00	0.00	0	2012
460	1404	62400.00	3650.40	0.00	0.00	0	2013
461	1405	70000.08	0.00	0.00	0.00	0	2010
462	1405	72799.92	12300.00	3500.00	10.00	0	2011
463	1405	72799.92	7498.39	0.00	1000.00	0	2012
464	1405	83199.84	9734.38	5000.00	0.00	0	2013
465	1406	104000.16	0.00	0.00	0.00	0	2010
466	1406	124999.92	0.00	22500.00	164.00	0	2011
467	1406	124999.92	32187.48	5000.00	4687.74	0	2012
468	1406	142999.92	41827.47	2500.00	0.00	0	2013
469	1407	57200.16	0.00	0.00	0.00	0	2010
470	1407	62000.16	5800.00	3000.00	0.00	0	2011
471	1407	62000.16	3193.01	0.00	1225.00	0	2012
472	1407	64480.08	3772.09	1000.00	0.00	0	2013
473	1408	86000.16	0.00	0.00	0.00	0	2010
474	1408	90000.00	15100.00	0.00	124.00	0	2011
475	1408	90000.00	9270.00	0.00	1738.00	0	2012
476	1408	93600.00	10951.20	0.00	0.00	0	2013
477	1409	104000.16	0.00	0.00	0.00	0	2010
478	1409	124999.92	0.00	22500.00	109.00	0	2011
479	1409	124999.92	32187.48	0.00	9475.50	0	2012
480	1409	124999.92	29249.98	0.00	0.00	0	2013
481	1410	154500.00	0.00	0.00	0.00	0	2010
482	1410	154500.00	0.00	11500.00	46.00	0	2011
483	1410	154500.00	39011.25	0.00	2850.00	0	2012
484	1410	169000.08	49432.53	2500.00	0.00	0	2013
485	1411	91500.00	0.00	0.00	0.00	0	2010
486	1411	94500.00	16000.00	0.00	64.00	0	2011
487	1411	94500.00	9733.50	0.00	27688.00	0	2012
488	1411	98299.92	11501.09	1000.00	0.00	0	2013
489	1412	91900.08	0.00	0.00	0.00	0	2010
490	1412	95500.08	9200.00	0.00	157.00	0	2011
491	1412	95500.08	9836.51	2500.00	0.00	0	2012
492	1412	100000.08	11700.01	2500.00	0.00	0	2013
493	1413	61000.08	0.00	0.00	0.00	0	2010
494	1413	63000.00	6100.00	0.00	61.00	0	2011
495	1413	63000.00	3244.50	0.00	0.00	0	2012
496	1413	65500.08	3831.75	0.00	0.00	0	2013
497	1414	92500.08	0.00	0.00	0.00	0	2010
498	1414	97999.92	16200.00	0.00	74.00	0	2011
499	1414	97999.92	10093.99	10000.00	0.00	0	2012
500	1414	124999.92	29249.98	10000.00	0.00	0	2013
501	1415	118000.08	0.00	0.00	0.00	0	2010
502	1415	120000.00	20700.00	0.00	52.00	0	2011
503	1415	120000.00	24720.00	0.00	0.00	0	2012
504	1415	122400.00	28641.60	0.00	0.00	0	2013
505	1416	96700.08	0.00	0.00	0.00	0	2010
506	1416	100600.08	33900.00	0.00	62.00	0	2011
507	1416	98142.00	27774.19	0.00	0.00	0	2013
508	1417	85000.08	0.00	0.00	0.00	0	2010
509	1417	104000.16	14900.00	0.00	36.00	0	2011
510	1417	104000.16	16068.02	10000.00	0.00	0	2012
511	1417	120000.00	28080.00	10000.00	0.00	0	2013
512	1418	78000.00	0.00	0.00	0.00	0	2010
513	1418	81100.08	13700.00	0.00	147.00	0	2011
514	1418	85050.00	8760.15	0.00	0.00	0	2012
515	1418	88450.08	10348.66	0.00	0.00	0	2013
516	1419	135000.00	0.00	0.00	0.00	0	2010
517	1419	135000.00	47300.00	0.00	136.00	0	2011
518	1419	135000.00	27810.00	0.00	8337.50	0	2012
519	1419	137700.00	16110.90	0.00	0.00	0	2013
520	1420	126800.16	0.00	0.00	0.00	0	2010
521	1420	140400.00	22200.00	16000.00	58.00	0	2011
522	1420	140400.00	28922.40	2500.00	2100.00	0	2012
523	1420	146100.00	51281.10	7500.00	0.00	0	2013
524	1421	110700.00	0.00	0.00	0.00	0	2010
525	1421	118000.08	38800.00	15500.00	137.00	0	2011
526	1421	124999.92	24308.02	10000.00	6175.00	0	2012
527	1421	135000.00	47385.00	5000.00	0.00	0	2013
528	1422	76500.00	0.00	0.00	0.00	0	2010
529	1422	79600.08	13400.00	4000.00	120.00	0	2011
530	1422	79600.08	8198.81	0.00	375.00	0	2012
531	1422	90000.00	10530.00	0.00	0.00	0	2013
532	1423	148000.08	0.00	0.00	0.00	0	2010
533	1423	175000.08	64800.00	7500.00	96.00	0	2011
534	1423	175000.08	72100.03	5000.00	0.00	0	2012
535	1423	190000.08	88920.04	10000.00	0.00	0	2013
536	1424	101200.08	0.00	0.00	0.00	0	2010
537	1424	103200.00	17800.00	0.00	49.00	0	2011
538	1424	103200.00	10629.60	0.00	0.00	0	2012
539	1424	105300.00	12320.10	0.00	0.00	0	2013
540	1425	115500.00	0.00	0.00	0.00	0	2010
541	1425	123000.00	20300.00	5500.00	28.00	0	2011
542	1425	123000.00	25338.00	0.00	0.00	0	2012
543	1425	127900.08	29928.62	1000.00	0.00	0	2013
544	1426	142500.00	0.00	0.00	0.00	0	2010
545	1426	150000.00	74900.00	0.00	34.00	0	2011
546	1426	150000.00	46350.00	0.00	0.00	0	2012
547	1426	156000.00	54756.00	0.00	0.00	0	2013
548	1427	195000.00	0.00	0.00	0.00	0	2010
549	1427	204000.00	136500.00	0.00	76.00	0	2011
550	1427	204000.00	84048.00	2500.00	0.00	0	2012
551	1427	212200.08	99309.64	0.00	0.00	0	2013
552	1428	257500.08	120510.04	5000.00	0.00	0	2013
553	1429	52000.00	3679.00	0.00	0.00	0	2013
554	1430	156000.00	0.00	0.00	0.00	0	2010
555	1430	160000.08	0.00	25000.00	19.00	0	2011
556	1430	160000.08	49440.02	0.00	0.00	0	2012
557	1430	166400.16	58406.46	5000.00	0.00	0	2013
558	1431	78000.00	0.00	0.00	0.00	0	2010
559	1431	80500.08	7800.00	0.00	112.00	0	2011
560	1431	80500.08	4145.75	0.00	19957.00	0	2012
561	1431	83700.00	4896.45	0.00	0.00	0	2013
562	1432	112500.00	0.00	0.00	0.00	0	2010
563	1432	116800.08	19700.00	0.00	57.00	0	2011
564	1432	116800.08	18045.61	0.00	0.00	0	2012
565	1432	121500.00	0.00	0.00	0.00	0	2013
566	1433	52000.00	3679.00	0.00	0.00	0	2013
567	1434	125000.00	17687.50	1250.00	0.00	0	2013
568	1435	139000.08	0.00	0.00	0.00	0	2010
569	1435	144600.00	48700.00	0.00	89.00	0	2011
570	1435	144600.00	29787.60	0.00	0.00	0	2012
571	1435	144600.00	33836.40	0.00	0.00	0	2013
572	1436	168000.00	0.00	0.00	0.00	0	2010
573	1436	169999.92	117600.00	0.00	17.00	0	2011
574	1436	169999.92	0.00	0.00	0.00	0	2012
575	1436	169999.92	39779.98	0.00	0.00	0	2013
576	1437	105000.00	0.00	0.00	0.00	0	2010
577	1437	109200.00	36800.00	0.00	70.00	0	2011
578	1437	109200.00	22495.20	0.00	350.00	0	2012
579	1437	113599.92	0.00	0.00	0.00	0	2013
580	1438	85100.16	0.00	0.00	0.00	0	2010
581	1438	88500.00	14900.00	0.00	29.00	0	2011
582	1438	88500.00	9115.50	5000.00	0.00	0	2012
583	1438	97999.92	17198.98	2500.00	0.00	0	2013
584	1439	89950.08	10524.16	7500.00	0.00	0	2013
585	1440	99600.00	0.00	0.00	0.00	0	2010
586	1440	103600.08	34900.00	0.00	56.00	0	2011
587	1440	103600.08	21341.62	2500.00	0.00	0	2012
588	1440	107500.08	25155.02	5000.00	0.00	0	2013
589	1441	82999.92	6600.00	0.00	146.00	0	2011
590	1441	82999.92	8548.99	0.00	0.00	0	2012
591	1441	88000.08	10296.01	2500.00	0.00	0	2013
592	1442	146000.16	0.00	0.00	0.00	0	2010
593	1442	160000.08	63900.00	5000.00	9.00	0	2011
594	1442	160000.08	49440.02	5000.00	0.00	0	2012
595	1442	166400.16	0.00	0.00	0.00	0	2013
596	1443	50960.00	7210.84	1500.00	0.00	0	2013
597	1444	52000.08	0.00	0.00	0.00	0	2010
598	1444	55000.08	5200.00	0.00	167.00	0	2011
599	1444	55000.08	2832.50	5000.00	0.00	0	2012
600	1444	64479.84	3772.07	0.00	0.00	0	2013
601	1445	57199.92	3000.00	2500.00	6.00	0	2011
602	1445	57199.92	2945.80	0.00	2350.00	0	2012
603	1445	74000.00	5235.50	0.00	0.00	0	2013
604	1446	137899.92	40335.73	0.00	0.00	0	2013
605	1447	70000.08	4300.00	0.00	118.00	0	2011
606	1447	70000.08	3605.00	0.00	400.00	0	2012
607	1447	90000.00	0.00	0.00	0.00	0	2013
608	1448	113400.00	0.00	0.00	0.00	0	2013
609	1449	101500.08	0.00	0.00	0.00	0	2010
610	1449	105499.92	17800.00	0.00	155.00	0	2011
611	1449	105499.92	10866.49	0.00	0.00	0	2012
612	1449	109699.92	12834.89	0.00	0.00	0	2013
613	1450	79000.08	0.00	0.00	0.00	0	2010
614	1450	81400.08	13900.00	0.00	100.00	0	2011
615	1450	81400.08	8384.21	0.00	0.00	0	2012
616	1450	84649.92	9904.04	0.00	0.00	0	2013
617	1451	60000.00	0.00	0.00	0.00	0	2010
618	1451	61800.00	6000.00	0.00	7.00	0	2011
619	1451	61800.00	3182.70	5000.00	0.00	0	2012
620	1451	84000.00	9828.00	2500.00	0.00	0	2013
621	1452	149000.16	0.00	0.00	0.00	0	2010
622	1452	155000.16	78300.00	1700.00	85.00	0	2011
623	1452	155000.16	47895.05	10000.00	0.00	0	2012
624	1452	182000.16	63882.06	10000.00	0.00	0	2013
625	1453	91000.08	1800.00	0.00	154.00	0	2011
626	1453	91000.08	9373.01	0.00	0.00	0	2012
627	1453	94600.08	11068.21	0.00	0.00	0	2013
628	1454	42499.92	700.00	0.00	16.00	0	2011
629	1454	42499.92	2188.75	5000.00	0.00	0	2012
630	1454	52999.92	3100.49	1000.00	0.00	0	2013
631	1455	52000.08	900.00	0.00	145.00	0	2011
632	1455	52000.08	2678.00	0.00	0.00	0	2012
633	1455	54100.08	3164.85	2500.00	0.00	0	2013
634	1456	64999.92	500.00	0.00	40.00	0	2011
635	1456	64999.92	3347.50	2500.00	0.00	0	2012
636	1456	70000.08	8190.01	2500.00	0.00	0	2013
637	1457	83200.08	2800.00	0.00	151.00	0	2011
638	1457	83200.08	4284.80	0.00	0.00	0	2012
639	1457	86500.08	10120.51	0.00	0.00	0	2013
640	1458	205000.00	71955.00	10000.00	0.00	0	2013
641	1459	51000.00	2626.50	0.00	0.00	0	2012
642	1459	61200.00	3580.20	0.00	0.00	0	2013
643	1460	56500.08	2909.75	0.00	0.00	0	2012
644	1460	61999.92	3626.99	2500.00	0.00	0	2013
645	1461	54000.00	2781.00	0.00	0.00	0	2012
646	1461	64800.00	3790.80	0.00	0.00	0	2013
647	1462	40800.00	2101.20	0.00	0.00	0	2012
648	1462	49999.92	2924.99	0.00	0.00	0	2013
649	1463	49999.92	2575.00	0.00	0.00	0	2012
650	1463	51999.84	3041.99	0.00	0.00	0	2013
651	1464	66300.24	3414.46	0.00	0.00	0	2012
652	1464	68950.08	4033.58	0.00	0.00	0	2013
653	1465	66300.24	3414.46	0.00	0.00	0	2012
654	1465	68950.08	4033.58	0.00	0.00	0	2013
655	1466	85000.08	8755.01	0.00	0.00	0	2012
656	1466	75000.00	8775.00	0.00	0.00	0	2013
657	1467	93000.00	9579.00	2500.00	0.00	0	2012
658	1467	96700.08	0.00	0.00	0.00	0	2013
659	1468	52999.92	2729.50	0.00	0.00	0	2012
660	1468	63600.00	3720.60	0.00	0.00	0	2013
661	1469	100000.08	10300.01	0.00	0.00	0	2012
662	1469	104000.16	12168.02	0.00	0.00	0	2013
663	1470	55000.08	2832.50	5000.00	41987.50	0	2012
664	1470	79999.92	0.00	0.00	0.00	0	2013
665	1471	40000.08	2060.00	0.00	0.00	0	2012
666	1471	41600.16	2433.61	0.00	0.00	0	2013
667	1472	55000.08	2832.50	5000.00	38812.50	0	2012
668	1472	85000.08	4972.51	5000.00	0.00	0	2013
669	1473	52500.00	2703.75	0.00	0.00	0	2012
670	1473	54600.00	3194.10	0.00	0.00	0	2013
671	1474	34320.00	2428.14	0.00	0.00	0	2013
672	1475	60000.00	3090.00	0.00	11500.00	0	2012
673	1475	79999.92	9359.99	1000.00	0.00	0	2013
674	1476	40000.08	2060.00	0.00	0.00	0	2012
675	1476	41600.16	2433.61	0.00	0.00	0	2013
676	1477	28600.00	2023.45	0.00	0.00	0	2013
677	1478	40000.08	2060.00	0.00	0.00	0	2012
678	1478	41600.16	2433.61	0.00	0.00	0	2013
679	1479	60000.00	694.19	0.00	0.00	0	2012
680	1479	70000.08	8190.01	2500.00	0.00	0	2013
681	1480	49992.00	521.97	0.00	750.00	0	2012
682	1480	60000.00	3510.00	0.00	0.00	0	2013
683	1481	49992.00	521.97	0.00	0.00	0	2012
684	1481	60000.00	0.00	0.00	0.00	0	2013
685	1482	157500.00	18427.50	5000.00	0.00	0	2013
686	1483	69999.84	582.72	1250.00	0.00	0	2012
687	1483	75000.00	4387.50	1000.00	0.00	0	2013
688	1484	49999.92	400.00	0.00	0.00	0	2012
689	1484	60000.00	3510.00	0.00	0.00	0	2013
690	1485	64999.92	476.90	0.00	0.00	0	2012
691	1485	67999.92	3977.99	1000.00	0.00	0	2013
692	1486	100000.08	1100.55	0.00	0.00	0	2012
693	1486	104000.16	12168.02	0.00	0.00	0	2013
694	1487	55000.08	400.00	0.00	0.00	0	2012
695	1487	60000.00	0.00	0.00	0.00	0	2013
696	1488	40000.08	400.00	0.00	0.00	0	2012
697	1488	49999.92	2924.99	1000.00	0.00	0	2013
698	1489	60000.00	400.00	0.00	0.00	0	2012
699	1489	64999.92	3802.49	0.00	0.00	0	2013
700	1490	90000.00	1800.00	0.00	5175.00	0	2012
701	1490	93600.00	10951.20	2500.00	0.00	0	2013
702	1491	55000.08	0.00	0.00	0.00	0	2012
703	1491	70000.08	4095.01	0.00	0.00	0	2013
704	1492	85000.08	4972.51	5000.00	0.00	0	2013
705	1493	64999.92	3802.49	0.00	0.00	0	2013
706	1494	79999.92	9359.99	2500.00	0.00	0	2013
707	1495	40000.08	2340.01	0.00	0.00	0	2013
708	1496	70000.08	4095.01	5000.00	0.00	0	2013
709	1497	67000.08	3919.51	0.00	0.00	0	2013
710	1498	208000.08	73008.02	7500.00	0.00	0	2013
711	1499	49999.92	2924.99	0.00	0.00	0	2013
712	1500	64999.92	3802.49	0.00	0.00	0	2013
713	1501	55000.08	817.16	0.00	0.00	0	2013
714	1503	55000.08	3217.51	0.00	0.00	0	2013
715	1504	55000.08	3217.51	0.00	0.00	0	2013
716	1505	55000.08	3217.51	0.00	0.00	0	2013
717	1506	55000.08	3217.51	0.00	0.00	0	2013
718	1507	55000.08	3217.51	0.00	0.00	0	2013
719	1508	45000.00	732.26	0.00	0.00	0	2013
720	1509	40000.08	2340.01	0.00	0.00	0	2013
721	1510	60000.00	3510.00	0.00	0.00	0	2013
722	1511	40000.08	2340.01	0.00	0.00	0	2013
723	1512	85000.08	962.20	0.00	0.00	0	2013
724	1513	64999.92	3802.49	0.00	0.00	0	2013
725	1514	55000.08	3217.51	0.00	0.00	0	2013
726	1515	109999.92	0.00	0.00	0.00	0	2013
727	1516	85000.08	9945.01	1000.00	0.00	0	2013
728	1517	49999.92	2924.99	2500.00	0.00	0	2013
729	1518	49999.92	2924.99	0.00	0.00	0	2013
730	1519	130000.00	4414.80	3125.00	0.00	0	2013
731	1520	125000.00	4245.00	0.00	0.00	0	2013
732	1521	74200.08	0.00	0.00	0.00	0	2010
733	1521	87000.00	13000.00	4000.00	177.00	0	2011
734	1521	87000.00	8961.00	0.00	0.00	0	2012
735	1521	90499.92	10588.49	2500.00	0.00	0	2013
736	1522	88000.08	1307.46	0.00	0.00	0	2013
737	1523	85000.08	1082.48	0.00	0.00	0	2013
738	1524	45000.00	573.08	0.00	0.00	0	2013
739	1525	55000.08	817.16	0.00	0.00	0	2013
740	1526	65000.16	505.86	0.00	0.00	0	2013
741	1541	195500.16	0.00	0.00	0.00	0	2010
742	1541	205000.08	136900.00	0.00	21.00	0	2011
743	1541	205000.08	0.00	0.00	0.00	0	2012
744	1541	128000.16	0.00	0.00	0.00	0	2010
745	1541	133200.00	56000.00	5000.00	32.00	0	2011
746	1541	133200.00	41158.80	1250.00	0.00	0	2012
747	1541	78000.00	0.00	0.00	0.00	0	2010
748	1541	82000.08	13700.00	4000.00	25.00	0	2011
749	1541	87000.00	8961.00	2500.00	0.00	0	2012
750	1541	57000.00	3300.00	2000.00	104.00	0	2011
751	1541	57000.00	5871.00	5000.00	0.00	0	2012
752	1541	30000.00	0.00	0.00	0.00	0	2010
753	1541	54000.00	5000.00	0.00	153.00	0	2011
754	1541	60000.00	2781.00	0.00	0.00	0	2012
755	1541	130000.08	0.00	0.00	0.00	0	2010
756	1541	175000.08	45500.00	24500.00	80.00	0	2011
757	1541	175000.08	0.00	0.00	0.00	0	2012
758	1541	63300.00	0.00	0.00	0.00	0	2010
759	1541	120000.00	12600.00	3500.00	41.00	0	2011
760	1541	139999.92	0.00	0.00	54125.00	0	2012
761	1541	171100.08	0.00	0.00	0.00	0	2010
762	1541	225000.00	119800.00	0.00	20.00	0	2011
763	1541	225000.00	0.00	0.00	0.00	0	2012
764	1541	140000.16	0.00	0.00	0.00	0	2010
765	1541	235000.08	98000.00	7000.01	106.00	0	2011
766	1541	235000.08	0.00	0.00	0.00	0	2012
767	1541	130000.08	0.00	0.00	0.00	0	2010
768	1541	259999.92	45500.00	24500.00	128.00	0	2011
769	1541	259999.92	0.00	0.00	38300.00	0	2012
770	1541	450540.00	0.00	0.00	0.00	0	2010
771	1541	450540.00	0.00	700000.00	60.00	0	2011
772	1541	450540.00	0.00	0.00	852.15	0	2012
773	1541	241200.00	0.00	0.00	0.00	0	2010
774	1541	274999.92	168900.00	0.00	35.00	0	2011
775	1541	274999.92	0.00	0.00	0.00	0	2012
776	1541	500540.16	0.00	0.00	0.00	0	2010
777	1541	500540.16	0.00	420000.00	59.00	0	2011
778	1541	500540.16	0.00	0.00	1692.27	0	2012
779	1541	124800.00	0.00	0.00	0.00	0	2010
780	1541	136999.92	45500.00	0.00	107.00	0	2011
781	1541	136999.92	28221.98	0.00	0.00	0	2012
782	1541	226700.16	0.00	0.00	0.00	0	2010
783	1541	255000.00	158700.00	0.00	43.00	0	2011
784	1541	255000.00	0.00	0.00	0.00	0	2012
785	1541	60000.00	0.00	0.00	0.00	0	2010
786	1541	60000.00	440.22	1250.00	0.00	0	2012
787	1541	234000.00	109512.00	10000.00	0.00	0	2013
788	1541	138499.92	0.00	0.00	0.00	0	2013
789	1541	91300.08	10682.11	5000.00	0.00	0	2013
790	1541	72000.00	12636.00	5000.00	0.00	0	2013
791	1541	62400.00	3650.40	0.00	0.00	0	2013
792	1541	190000.08	0.00	0.00	0.00	0	2013
793	1541	175000.08	61425.02	10000.00	0.00	0	2013
794	1541	234000.00	109512.00	10000.00	0.00	0	2013
795	1541	285000.00	133380.00	15000.00	0.00	0	2013
796	1541	285000.00	0.00	0.00	0.00	0	2013
797	1541	649999.92	0.00	0.00	0.00	0	2013
798	1541	286000.08	0.00	0.00	0.00	0	2013
799	1541	550000.08	0.00	0.00	0.00	0	2013
800	1541	142500.00	33345.00	2500.00	0.00	0	2013
801	1541	265200.00	0.00	0.00	0.00	0	2013
802	1541	62400.00	7300.80	5000.00	0.00	0	2013
803	1541	60000.00	3510.00	0.00	0.00	0	2013
804	1541	45000.00	668.59	0.00	0.00	0	2013
\.


--
-- Name: comp_compensationsummary_id_seq; Type: SEQUENCE SET; Schema: demo; Owner: djangotalentdashboard
--

SELECT pg_catalog.setval('comp_compensationsummary_id_seq', 804, false);


--
-- Data for Name: django_content_type; Type: TABLE DATA; Schema: demo; Owner: djangotalentdashboard
--

COPY django_content_type (id, name, app_label, model) FROM stdin;
1	client	customer	client
2	content type	contenttypes	contenttype
3	session	sessions	session
4	site	sites	site
5	employee	org	employee
6	leadership	org	leadership
\.


--
-- Name: django_content_type_id_seq; Type: SEQUENCE SET; Schema: demo; Owner: djangotalentdashboard
--

SELECT pg_catalog.setval('django_content_type_id_seq', 6, true);


--
-- Data for Name: engagement_happiness; Type: TABLE DATA; Schema: demo; Owner: djangotalentdashboard
--

COPY engagement_happiness (id, assessed_by_id, assessed_date, employee_id, assessment) FROM stdin;
\.


--
-- Name: engagement_happiness_id_seq; Type: SEQUENCE SET; Schema: demo; Owner: djangotalentdashboard
--

SELECT pg_catalog.setval('engagement_happiness_id_seq', 1, false);


--
-- Data for Name: org_attribute; Type: TABLE DATA; Schema: demo; Owner: djangotalentdashboard
--

COPY org_attribute (id, employee_id, name, category_id) FROM stdin;
\.


--
-- Name: org_attribute_id_seq; Type: SEQUENCE SET; Schema: demo; Owner: djangotalentdashboard
--

SELECT pg_catalog.setval('org_attribute_id_seq', 1, false);


--
-- Data for Name: org_attributecategory; Type: TABLE DATA; Schema: demo; Owner: djangotalentdashboard
--

COPY org_attributecategory (id, name) FROM stdin;
\.


--
-- Name: org_attributecategory_id_seq; Type: SEQUENCE SET; Schema: demo; Owner: djangotalentdashboard
--

SELECT pg_catalog.setval('org_attributecategory_id_seq', 1, false);


--
-- Data for Name: org_employee; Type: TABLE DATA; Schema: demo; Owner: djangotalentdashboard
--

COPY org_employee (id, full_name, avatar, avatar_small, job_title, base_camp, u_name, hire_date, display, team_id, user_id) FROM stdin;
1531	Nestor Jones	/media/avatars/2013/10/25/male_1.jpg	/media/avatars/2013/10/25/male_1.jpg	INTERN			2013-04-01	t	13	\N
1529	Lula Reid	/media/avatars/2013/10/25/female_1.jpg	/media/avatars/2013/10/25/female_1.jpg	INTERN			2013-04-01	t	13	\N
1530	Roland Fagan	/media/avatars/2013/10/25/male_2.jpg	/media/avatars/2013/10/25/male_2.jpg	INTERN			2013-04-01	t	13	\N
1528	Barbara Long	/media/avatars/2013/10/25/female_2.jpg	/media/avatars/2013/10/25/female_2.jpg	SALES DIRECTOR			2013-03-01	t	13	\N
1526	Nancy Coyer	/media/avatars/2013/10/25/female_3.jpg	/media/avatars/2013/10/25/female_3.jpg	ONLINE ANALYST			2013-02-19	t	13	\N
1527	Barbara Allen	/media/avatars/2013/10/25/female_4.jpg	/media/avatars/2013/10/25/female_4.jpg	OFFICE OPERATIONS			2012-09-19	t	13	\N
1525	Ruth Ligon	/media/avatars/2013/10/25/female_5.jpg	/media/avatars/2013/10/25/female_5.jpg	PAYROLL FOOL			2013-01-14	t	13	\N
1524	Mildred Lockwood	/media/avatars/2013/10/25/female_6.jpg	/media/avatars/2013/10/25/female_6.jpg	MASTER OF THE HOUSE			2013-01-23	t	13	\N
1523	Freda Harmon	/media/avatars/2013/10/25/female_7.jpg	/media/avatars/2013/10/25/female_7.jpg	DEVELOPER I			2013-01-23	t	8	\N
1522	Rosalie Strange	/media/avatars/2013/10/25/female_8.jpg	/media/avatars/2013/10/25/female_8.jpg	BUSINESS INTELLIGENCE ANALYST			2013-01-14	t	5	\N
1521	Anna Percy	/media/avatars/2013/10/25/female_9.jpg	/media/avatars/2013/10/25/female_9.jpg	MANAGING PREMIUM SERV EDITOR			2007-04-16	t	5	\N
1520	James Roby	/media/avatars/2013/10/25/male_3.jpg	/media/avatars/2013/10/25/male_3.jpg				2012-11-12	t	13	\N
1519	Travis Murphy	/media/avatars/2013/10/25/male_4.jpg	/media/avatars/2013/10/25/male_4.jpg				2012-10-29	t	13	\N
1518	Morgan Castillo	/media/avatars/2013/10/25/male_5.jpg	/media/avatars/2013/10/25/male_5.jpg	DESKTOP ADMINISTRATOR I			2012-10-29	t	13	\N
1517	Wilfred Smith	/media/avatars/2013/10/25/male_6.jpg	/media/avatars/2013/10/25/male_6.jpg	RECRUITING COORDINATOR			2012-10-23	t	5	\N
1516	Keith Robertson	/media/avatars/2013/10/25/male_7.jpg	/media/avatars/2013/10/25/male_7.jpg	SECTOR CHIEF			2012-10-08	t	5	\N
1515	Leonard Weber	/media/avatars/2013/10/25/male_8.jpg	/media/avatars/2013/10/25/male_8.jpg	MARKETING DIRECTOR			2012-10-08	t	13	\N
1513	James Gonzales	/media/avatars/2013/10/25/male_9.jpg	/media/avatars/2013/10/25/male_9.jpg	ONLINE ANALYST I			2012-09-17	t	5	\N
1514	Joseph Pate	/media/avatars/2013/10/25/male_10.jpg	/media/avatars/2013/10/25/male_10.jpg	ONLINE ANALYST I			2012-09-17	t	13	\N
1512	Daniel Moore	/media/avatars/2013/10/25/male_11.jpg	/media/avatars/2013/10/25/male_11.jpg	SYSTEMS ENGINEER I			2012-09-06	t	4	\N
1511	William Murdoch	/media/avatars/2013/10/25/male_12.jpg	/media/avatars/2013/10/25/male_12.jpg	MEMBER SERVICES FOOL			2012-08-20	t	11	\N
1510	George Sowers	/media/avatars/2013/10/25/male_13.jpg	/media/avatars/2013/10/25/male_13.jpg	BLOG EDITOR & TALENT SCOUT I			2012-08-20	t	12	\N
1508	Kyle Tucker	/media/avatars/2013/10/25/male_14.jpg	/media/avatars/2013/10/25/male_14.jpg	VIDEO FOOL			2012-07-05	t	12	\N
1509	Robert Stoner	/media/avatars/2013/10/25/male_15.jpg	/media/avatars/2013/10/25/male_15.jpg	MEMBER SERVICES FOOL			2012-07-16	t	11	\N
1507	Christopher Cooksey	/media/avatars/2013/10/25/male_16.jpg	/media/avatars/2013/10/25/male_16.jpg	DRM DESIGNER			2012-07-09	t	8	\N
1506	Aaron Schlenker	/media/avatars/2013/10/25/male_17.jpg	/media/avatars/2013/10/25/male_17.jpg	MARKETING OPERATIONS MANAGER			2012-07-09	t	8	\N
1505	Wilfredo Reiff	/media/avatars/2013/10/25/male_18.jpg	/media/avatars/2013/10/25/male_18.jpg	JR. COPYWRITER			2012-06-18	t	8	\N
1504	Tony Stockton	/media/avatars/2013/10/25/male_19.jpg	/media/avatars/2013/10/25/male_19.jpg	JR. COPYWRITER			2012-06-18	t	8	\N
1503	Gregory Walker	/media/avatars/2013/10/25/male_20.jpg	/media/avatars/2013/10/25/male_20.jpg	JR. COPYWRITER			2012-06-18	t	8	\N
1502	Edwin Fisher	/media/avatars/2013/10/25/male_21.jpg	/media/avatars/2013/10/25/male_21.jpg				2012-06-25	t	5	\N
1501	Andrew Sevilla	/media/avatars/2013/10/25/male_22.jpg	/media/avatars/2013/10/25/male_22.jpg	ANALYST DEVELOPMENT PROGRAM			2013-01-14	t	2	\N
1500	James Whitney	/media/avatars/2013/10/25/male_23.jpg	/media/avatars/2013/10/25/male_23.jpg	ONLINE ANALYST I			2012-06-11	t	12	\N
1499	Lonnie Landry	/media/avatars/2013/10/25/male_24.jpg	/media/avatars/2013/10/25/male_24.jpg	BLOG EDITOR			2012-06-11	t	12	\N
1498	Burton Long	/media/avatars/2013/10/25/male_25.jpg	/media/avatars/2013/10/25/male_25.jpg	VP MARKETING ANALYTICS			2012-06-04	t	10	\N
1497	James Abrams	/media/avatars/2013/10/25/male_26.jpg	/media/avatars/2013/10/25/male_26.jpg	PREMIUM SERVICES EDITOR			2012-06-04	t	11	\N
1496	Anthony Crowe	/media/avatars/2013/10/25/male_27.jpg	/media/avatars/2013/10/25/male_27.jpg	WEB ANALYST			2012-06-04	t	3	\N
1495	Antonio Delacruz	/media/avatars/2013/10/25/male_28.jpg	/media/avatars/2013/10/25/male_28.jpg	MEMBER SERVICES FOOL			2012-04-30	t	11	\N
1494	Thad Thomas	/media/avatars/2013/10/25/male_29.jpg	/media/avatars/2013/10/25/male_29.jpg	RETENTION MANAGER			2012-04-30	t	10	\N
1492	Scott Frazier	/media/avatars/2013/10/25/male_30.jpg	/media/avatars/2013/10/25/male_30.jpg	DEVELOPER I			2012-04-30	t	13	\N
1493	Robert Rogers	/media/avatars/2013/10/25/male_31.jpg	/media/avatars/2013/10/25/male_31.jpg	SEO			2012-04-30	t	12	\N
1491	John Cole	/media/avatars/2013/10/25/male_32.jpg	/media/avatars/2013/10/25/male_32.jpg	ONLINE ANALYST I			2012-04-02	t	12	\N
1489	Ronald Bell	/media/avatars/2013/10/25/male_33.jpg	/media/avatars/2013/10/25/male_33.jpg	BLOG EDITOR & TALENT SCOUT II			2012-03-12	t	12	\N
1490	Christopher Crowell	/media/avatars/2013/10/25/male_34.jpg	/media/avatars/2013/10/25/male_34.jpg	SR. COPYWRITER I			2007-05-09	t	10	\N
1488	Edwin English	/media/avatars/2013/10/25/male_35.jpg	/media/avatars/2013/10/25/male_35.jpg	OFFICE OPERATIONS			2012-03-12	t	8	\N
1487	Jesus Massey	/media/avatars/2013/10/25/male_36.jpg	/media/avatars/2013/10/25/male_36.jpg	RESEARCH ANALYST 1			2012-03-13	t	2	\N
1486	Frank Fedler	/media/avatars/2013/10/25/male_37.jpg	/media/avatars/2013/10/25/male_37.jpg	LINUX ENGINEER			2012-02-21	t	4	\N
1485	Byron Dewees	/media/avatars/2013/10/25/male_38.jpg	/media/avatars/2013/10/25/male_38.jpg	STAFF ACCOUNTANT			2012-02-08	t	6	\N
1484	Simon Thomas	/media/avatars/2013/10/25/male_39.jpg	/media/avatars/2013/10/25/male_39.jpg	ONLINE EDITOR			2012-02-13	t	12	\N
1483	Nickolas Preston	/media/avatars/2013/10/25/male_40.jpg	/media/avatars/2013/10/25/male_40.jpg	BUDGET ANALYST			2012-02-01	t	6	\N
1482	Roman Spivey	/media/avatars/2013/10/25/male_41.jpg	/media/avatars/2013/10/25/male_41.jpg				2012-02-20	t	5	\N
1481	Stanley Hogan	/media/avatars/2013/10/25/male_42.jpg	/media/avatars/2013/10/25/male_42.jpg	RESEARCH ANALYST 1			2012-01-17	t	2	\N
1480	Del Forrest	/media/avatars/2013/10/25/male_43.jpg	/media/avatars/2013/10/25/male_43.jpg	RESEARCH ANALYST 1			2012-01-17	t	2	\N
1479	James Jones	/media/avatars/2013/10/25/male_44.jpg	/media/avatars/2013/10/25/male_44.jpg	COPYWRITER			2012-01-09	t	8	\N
1477	John Long	/media/avatars/2013/10/25/male_45.jpg	/media/avatars/2013/10/25/male_45.jpg				2011-12-12	t	5	\N
1478	Brian Huntley	/media/avatars/2013/10/25/male_46.jpg	/media/avatars/2013/10/25/male_46.jpg	MEMBER SERVICES FOOL			2011-12-14	t	11	\N
1476	Brian Solomon	/media/avatars/2013/10/25/male_47.jpg	/media/avatars/2013/10/25/male_47.jpg	MEMBER SERVICES FOOL			2011-12-05	t	11	\N
1475	Paul Williams	/media/avatars/2013/10/25/male_48.jpg	/media/avatars/2013/10/25/male_48.jpg	SECTOR CHIEF			2011-11-01	t	12	\N
1474	Robert Lemieux	/media/avatars/2013/10/25/male_49.jpg	/media/avatars/2013/10/25/male_49.jpg				2011-10-03	t	2	\N
1473	Antony Hawkins	/media/avatars/2013/10/25/male_50.jpg	/media/avatars/2013/10/25/male_50.jpg	DRM DESIGNER			2011-10-03	t	8	\N
1471	Joseph Schultz	/media/avatars/2013/10/25/male_51.jpg	/media/avatars/2013/10/25/male_51.jpg	MEMBER SERVICES FOOL			2011-11-07	t	11	\N
1472	Arnold Kellogg	/media/avatars/2013/10/25/male_52.jpg	/media/avatars/2013/10/25/male_52.jpg	BUSINESS DEV NY			2011-09-26	t	10	\N
1470	Virgil Yeager	/media/avatars/2013/10/25/male_53.jpg	/media/avatars/2013/10/25/male_53.jpg	DEPUTY MANAGING EDITOR			2011-09-26	t	12	\N
1469	Tim Stephens	/media/avatars/2013/10/25/male_54.jpg	/media/avatars/2013/10/25/male_54.jpg	DATA WAREHOUSING ARCHITECT			2011-08-22	t	3	\N
1468	Kenneth Decoteau	/media/avatars/2013/10/25/male_55.jpg	/media/avatars/2013/10/25/male_55.jpg	ONLINE EDITOR			2011-08-16	t	12	\N
1466	Andrew Kirby	/media/avatars/2013/10/25/male_56.jpg	/media/avatars/2013/10/25/male_56.jpg	SR USER EXPERIENCE DESIGNER			2011-07-25	t	9	\N
1467	Jason Turner	/media/avatars/2013/10/25/male_57.jpg	/media/avatars/2013/10/25/male_57.jpg	DEVELOPER II			2011-07-25	t	13	\N
1465	Kevin Williams	/media/avatars/2013/10/25/male_58.jpg	/media/avatars/2013/10/25/male_58.jpg	PREMIUM SERVICES EDITOR			2011-07-25	t	11	\N
1464	Edward Rhodes	/media/avatars/2013/10/25/male_59.jpg	/media/avatars/2013/10/25/male_59.jpg	ANALYST DEVELOPMENT PROGRAM			2011-07-11	t	2	\N
1463	David Looney	/media/avatars/2013/10/25/male_60.jpg	/media/avatars/2013/10/25/male_60.jpg	DESKTOP ADMINISTRATOR I			2011-07-05	t	4	\N
1462	Sam Winningham	/media/avatars/2013/10/25/male_61.jpg	/media/avatars/2013/10/25/male_61.jpg	BLOG LIAISON & TALENT SCOUT			2011-07-11	t	12	\N
1461	Richard Burke	/media/avatars/2013/10/25/male_62.jpg	/media/avatars/2013/10/25/male_62.jpg	ONLINE EDITOR			2011-06-13	t	12	\N
1460	Kevin Turner	/media/avatars/2013/10/25/male_63.jpg	/media/avatars/2013/10/25/male_63.jpg	EXTERNAL MARKETING			2011-05-02	t	8	\N
1459	Christopher Morelli	/media/avatars/2013/10/25/male_64.jpg	/media/avatars/2013/10/25/male_64.jpg	ONLINE EDITOR			2011-04-04	t	12	\N
1458	Myron Gonzalez	/media/avatars/2013/10/25/male_65.jpg	/media/avatars/2013/10/25/male_65.jpg				1997-07-01	t	10	\N
1457	Michael Voigt	/media/avatars/2013/10/25/male_66.jpg	/media/avatars/2013/10/25/male_66.jpg	DIRECTOR TALENT MANAGEMENT			2011-01-18	t	12	\N
1455	David Wilson	/media/avatars/2013/10/25/male_67.jpg	/media/avatars/2013/10/25/male_67.jpg	DESKTOP ADMINISTRATOR I			2011-01-24	t	4	\N
1456	Edward Jimenez	/media/avatars/2013/10/25/male_68.jpg	/media/avatars/2013/10/25/male_68.jpg	QUANALYST II			2011-02-28	t	10	\N
1454	Thomas Reid	/media/avatars/2013/10/25/male_69.jpg	/media/avatars/2013/10/25/male_69.jpg	DESKTOP ADMINISTRATOR I			2011-01-31	t	4	\N
1453	William Adams	/media/avatars/2013/10/25/male_70.jpg	/media/avatars/2013/10/25/male_70.jpg	DEVELOPER II			2011-01-18	t	13	\N
1451	Ramiro Smith	/media/avatars/2013/10/25/male_71.jpg	/media/avatars/2013/10/25/male_71.jpg	SYSTEMS ENGINEER II			2008-02-19	t	4	\N
1452	Thomas Lau	/media/avatars/2013/10/25/male_72.jpg	/media/avatars/2013/10/25/male_72.jpg	VP PROCESS MANAGEMENT			1996-10-14	t	10	\N
1450	Daniel Lineberry	/media/avatars/2013/10/25/male_73.jpg	/media/avatars/2013/10/25/male_73.jpg	LEAD DESKTOP ADMIN			2004-03-03	t	4	\N
1448	John Sweatt	/media/avatars/2013/10/25/male_74.jpg	/media/avatars/2013/10/25/male_74.jpg	DIRECTOR RETAIL FUNDS			2006-05-01	t	7	\N
1449	Billy Dennis	/media/avatars/2013/10/25/male_75.jpg	/media/avatars/2013/10/25/male_75.jpg	SR NETWORK ENGINEER			2000-05-22	t	4	\N
1447	Paul Reynolds	/media/avatars/2013/10/25/male_76.jpg	/media/avatars/2013/10/25/male_76.jpg	DIRECTOR BUSINESS RELATIONS			2010-08-02	t	10	\N
1446	Steven Crook	/media/avatars/2013/10/25/male_77.jpg	/media/avatars/2013/10/25/male_77.jpg	SENIOR ANALYST III MFAM			2001-12-13	t	7	\N
1445	Herman Pearson	/media/avatars/2013/10/25/male_78.jpg	/media/avatars/2013/10/25/male_78.jpg	ANALYST DEVELOPMENT PROGRAM			2010-09-13	t	10	\N
1444	Robert Lerner	/media/avatars/2013/10/25/male_79.jpg	/media/avatars/2013/10/25/male_79.jpg	JR LINUX ENGINEER			2007-05-07	t	4	\N
1442	John Ferdinand	/media/avatars/2013/10/25/male_80.jpg	/media/avatars/2013/10/25/male_80.jpg	CONTROLLER			2005-06-27	t	10	\N
1443	Robert Vanetten	/media/avatars/2013/10/25/male_81.jpg	/media/avatars/2013/10/25/male_81.jpg				2005-02-21	t	10	\N
1441	Rafael Figueroa	/media/avatars/2013/10/25/male_82.jpg	/media/avatars/2013/10/25/male_82.jpg	ACCOUNTING ANALYST			2010-10-11	t	6	\N
1440	Robert Smith	/media/avatars/2013/10/25/male_83.jpg	/media/avatars/2013/10/25/male_83.jpg	ASSISTANT CONTROLLER			2004-08-30	t	6	\N
1439	John Klein	/media/avatars/2013/10/25/male_84.jpg	/media/avatars/2013/10/25/male_84.jpg	ASST. CONTROLLER			2004-08-30	t	6	\N
1438	Fred Limones	/media/avatars/2013/10/25/male_85.jpg	/media/avatars/2013/10/25/male_85.jpg	EXTERNAL MARKETING MANAGER			1999-09-06	t	10	\N
1437	James Williams	/media/avatars/2013/10/25/male_86.jpg	/media/avatars/2013/10/25/male_86.jpg	DIRECTOR			2004-08-30	t	2	\N
1436	Darren Durbin	/media/avatars/2013/10/25/male_87.jpg	/media/avatars/2013/10/25/male_87.jpg	VP MEMBER INSIGHTS			2001-06-22	t	3	\N
1434	Robert Truesdale	/media/avatars/2013/10/25/male_88.jpg	/media/avatars/2013/10/25/male_88.jpg				2000-06-05	t	5	\N
1435	Domingo Ceaser	/media/avatars/2013/10/25/male_89.jpg	/media/avatars/2013/10/25/male_89.jpg	VP BUS DEVELOPMENT			2003-02-03	t	1	\N
1433	Gerardo Edwards	/media/avatars/2013/10/25/male_90.jpg	/media/avatars/2013/10/25/male_90.jpg				1999-11-22	t	5	\N
1432	Earl Colvin	/media/avatars/2013/10/25/male_91.jpg	/media/avatars/2013/10/25/male_91.jpg	SR DW ARCHITECT			1998-06-01	t	3	\N
1431	Steve Fergerson	/media/avatars/2013/10/25/male_92.jpg	/media/avatars/2013/10/25/male_92.jpg	VIDEO REPORTER & PRODUCER			2000-05-01	t	12	\N
1429	Wendell Snow	/media/avatars/2013/10/25/male_93.jpg	/media/avatars/2013/10/25/male_93.jpg				2000-11-20	t	5	\N
1430	Jeremy Cox	/media/avatars/2013/10/25/male_94.jpg	/media/avatars/2013/10/25/male_94.jpg	PRESIDENT			1999-08-16	t	2	\N
1428	Michael Pabst	/media/avatars/2013/10/25/male_95.jpg	/media/avatars/2013/10/25/male_95.jpg	PRESIDENT MFAM			2005-11-14	t	10	\N
1427	Gregory Simpson	/media/avatars/2013/10/25/male_96.jpg	/media/avatars/2013/10/25/male_96.jpg	SVP CORPORATE FINANCE			1996-02-16	t	10	\N
1426	Jack Hoover	/media/avatars/2013/10/25/male_97.jpg	/media/avatars/2013/10/25/male_97.jpg	VP SOFTWARE DEVELOPMENT			1997-06-09	t	10	\N
1425	John Johnson	/media/avatars/2013/10/25/male_98.jpg	/media/avatars/2013/10/25/male_98.jpg	DIRECTOR TECH OPERATIONS			2006-08-11	t	4	\N
1424	Robert Pollack	/media/avatars/2013/10/25/male_99.jpg	/media/avatars/2013/10/25/male_99.jpg	PRODUCER II			2000-01-03	t	12	\N
1422	Carl Oakes	/media/avatars/2013/10/25/male_100.jpg	/media/avatars/2013/10/25/male_100.jpg	MANAGING NEWS EDITOR			2004-07-06	t	12	\N
1423	Michael Henry	/media/avatars/2013/10/25/male_101.jpg	/media/avatars/2013/10/25/male_101.jpg	ASSOCIATE GENERAL COUNSEL			1998-09-28	t	6	\N
1421	Howard Strain	/media/avatars/2013/10/25/male_102.jpg	/media/avatars/2013/10/25/male_102.jpg	HEAD OF EUROPE & THE AMERICAS			2005-01-31	t	10	\N
1420	Todd Bertsch	/media/avatars/2013/10/25/male_103.jpg	/media/avatars/2013/10/25/male_103.jpg	PRESIDENT WRITER NETWORK			2004-06-01	t	10	\N
1419	Jerry Turnage	/media/avatars/2013/10/25/male_104.jpg	/media/avatars/2013/10/25/male_104.jpg	ONLINE ANALYST II			2004-08-30	t	12	\N
1418	Raymond McVicker	/media/avatars/2013/10/25/male_105.jpg	/media/avatars/2013/10/25/male_105.jpg	CONTENT EXPERIENCE DESIGNER			2006-04-24	t	10	\N
1417	Christopher Dean	/media/avatars/2013/10/25/male_106.jpg	/media/avatars/2013/10/25/male_106.jpg	SCRUM MASTER PROJ MANAGER II			2006-01-09	t	10	\N
1416	Philip Bible	/media/avatars/2013/10/25/male_107.jpg	/media/avatars/2013/10/25/male_107.jpg	BUSINESS OPERATIONS MANAGER			2005-08-16	t	10	\N
1414	Jeffrey Baker	/media/avatars/2013/10/25/male_108.jpg	/media/avatars/2013/10/25/male_108.jpg	DEVELOPER IV			2006-04-24	t	13	\N
1415	Charles Banks	/media/avatars/2013/10/25/male.jpg	/media/avatars/2013/10/25/male.jpg	LEAD DEVELOPER I			2005-06-06	t	13	\N
1413	Lawrence Adams	/media/avatars/2013/10/25/male_110.jpg	/media/avatars/2013/10/25/male_110.jpg	QUANALYST I			2005-08-01	t	10	\N
1412	Henry Rudolph	/media/avatars/2013/10/25/male.jpg	/media/avatars/2013/10/25/male.jpg	BUSINESS INTELLIGENCE ANALYST			2001-01-11	t	3	\N
1411	John Faulkner	/media/avatars/2013/10/25/male_112.jpg	/media/avatars/2013/10/25/male_112.jpg	EXECUTIVE PRODUCER			1998-08-10	t	12	\N
1409	Brian Owens	/media/avatars/2013/10/25/male_113.jpg	/media/avatars/2013/10/25/male_113.jpg	ADVISOR I			2006-11-24	t	2	\N
1410	Timothy Silva	/media/avatars/2013/10/25/male_114.jpg	/media/avatars/2013/10/25/male_114.jpg	ADVISOR II			2004-08-16	t	2	\N
1408	Bobby Bradley	/media/avatars/2013/10/25/male_115.jpg	/media/avatars/2013/10/25/male_115.jpg	SENIOR ANALYST I			2005-03-16	t	2	\N
1406	Manuel Cain	/media/avatars/2013/10/25/male_116.jpg	/media/avatars/2013/10/25/male_116.jpg	ADVISOR II			2007-01-31	t	2	\N
1407	Ricky Gross	/media/avatars/2013/10/25/male_117.jpg	/media/avatars/2013/10/25/male_117.jpg	CDP TA & WRITER LIAISON			2005-05-02	t	12	\N
1405	Herbert Armstrong	/media/avatars/2013/10/25/male_118.jpg	/media/avatars/2013/10/25/male_118.jpg	BUSINESS INTELLIGENCE ANALYST			2005-02-07	t	3	\N
1403	Felix Spicer	/media/avatars/2013/10/25/male_119.jpg	/media/avatars/2013/10/25/male_119.jpg	EXECUTIVE PROJECT MANAGER I			2008-08-18	t	10	\N
1404	Dale Olivas	/media/avatars/2013/10/25/male_120.jpg	/media/avatars/2013/10/25/male_120.jpg	JR DBA			2006-12-11	t	4	\N
1402	William Moore	/media/avatars/2013/10/25/male_121.jpg	/media/avatars/2013/10/25/male_121.jpg	ONLINE EDITOR			2008-09-02	t	12	\N
1401	Maurice Lisle	/media/avatars/2013/10/25/male_122.jpg	/media/avatars/2013/10/25/male_122.jpg	ADVISOR V			2001-05-28	t	2	\N
1400	Armando Williams	/media/avatars/2013/10/25/male_123.jpg	/media/avatars/2013/10/25/male_123.jpg	CIO PORTFOLIO MANAGER			1999-08-16	t	10	\N
1399	Kenneth Tavares	/media/avatars/2013/10/25/male_124.jpg	/media/avatars/2013/10/25/male_124.jpg	SVP BUSINESS DEVELOPMENT			2005-10-24	t	10	\N
1397	Olive McDonald	/media/avatars/2013/10/25/female_10.jpg	/media/avatars/2013/10/25/female_10.jpg	QUANTITATIVE ANALYST			2009-01-12	t	3	\N
1398	Tom Shin	/media/avatars/2013/10/25/male_125.jpg	/media/avatars/2013/10/25/male_125.jpg	INVESTING OPS ADP			2008-07-07	t	2	\N
1395	Charlotte Kelly	/media/avatars/2013/10/25/female_11.jpg	/media/avatars/2013/10/25/female_11.jpg	ONLINE ANALYST I			2008-12-01	t	12	\N
1396	Jennifer Barnes	/media/avatars/2013/10/25/female_12.jpg	/media/avatars/2013/10/25/female_12.jpg	SENIOR ANALYST I MFAM			2008-01-14	t	7	\N
1393	Elsie Overbey	/media/avatars/2013/10/25/female_13.jpg	/media/avatars/2013/10/25/female_13.jpg	ASSISTANT GENERAL COUNSEL			2005-11-14	t	10	\N
1394	Joann Paulin	/media/avatars/2013/10/25/female_14.jpg	/media/avatars/2013/10/25/female_14.jpg	DIRECTOR BUSINESS INTELLIGENCE			2006-10-16	t	3	\N
1391	Lila William	/media/avatars/2013/10/25/female_15.jpg	/media/avatars/2013/10/25/female_15.jpg	ENTERPRISE ARCHITECT			2006-09-05	t	13	\N
1392	Elizabeth Tompkins	/media/avatars/2013/10/25/female_16.jpg	/media/avatars/2013/10/25/female_16.jpg	MEMBER SERVICES FOOL			2007-05-21	t	11	\N
1390	Jessica Mosley	/media/avatars/2013/10/25/female_17.jpg	/media/avatars/2013/10/25/female_17.jpg	EDITORIAL DIRECTOR			2005-01-10	t	12	\N
1389	Sabrina Morgan	/media/avatars/2013/10/25/female_18.jpg	/media/avatars/2013/10/25/female_18.jpg				2009-03-02	t	5	\N
1388	Mary Ramos	/media/avatars/2013/10/25/female_19.jpg	/media/avatars/2013/10/25/female_19.jpg	LEGAL ASSISTANT			2008-04-21	t	6	\N
1386	Martha Hong	/media/avatars/2013/10/25/female_20.jpg	/media/avatars/2013/10/25/female_20.jpg				1999-07-22	t	5	\N
1387	Sadie Hayes	/media/avatars/2013/10/25/female_21.jpg	/media/avatars/2013/10/25/female_21.jpg	SENIOR PREMIUM SERVICES EDITOR			2008-01-07	t	11	\N
1385	Aurelia Coffin	/media/avatars/2013/10/25/female_22.jpg	/media/avatars/2013/10/25/female_22.jpg	DIRECTOR RETENTION			2004-06-15	t	10	\N
1384	Debbie Perkins	/media/avatars/2013/10/25/female_23.jpg	/media/avatars/2013/10/25/female_23.jpg	RESEARCH ANALYST II			2007-10-08	t	2	\N
1383	Rochelle Martin	/media/avatars/2013/10/25/female_24.jpg	/media/avatars/2013/10/25/female_24.jpg	GENERAL COUNSEL			1996-12-02	t	10	\N
1382	Jean Story	/media/avatars/2013/10/25/female_25.jpg	/media/avatars/2013/10/25/female_25.jpg	SENIOR WEB ANALYST			2006-03-06	t	3	\N
1381	Carmelita Reynolds	/media/avatars/2013/10/25/female_26.jpg	/media/avatars/2013/10/25/female_26.jpg	SENIOR PREMIUM SERVICES EDITOR			2008-12-01	t	11	\N
1379	Shirley Jones	/media/avatars/2013/10/25/female_27.jpg	/media/avatars/2013/10/25/female_27.jpg	LEAD DEVELOPER II			2007-06-18	t	13	\N
1380	Lillian Kaufmann	/media/avatars/2013/10/25/female_28.jpg	/media/avatars/2013/10/25/female_28.jpg	WRITER MANAGER CDP DEAN			2008-03-10	t	12	\N
1377	Doreen Gould	/media/avatars/2013/10/25/female_29.jpg	/media/avatars/2013/10/25/female_29.jpg	MULTIMEDIA PRODUCTION MANAGER			2000-01-18	t	10	\N
1378	Debra Coleman	/media/avatars/2013/10/25/female_30.jpg	/media/avatars/2013/10/25/female_30.jpg	ON AIR TALENT			2000-10-20	t	12	\N
1376	Mary Mitchell	/media/avatars/2013/10/25/female_31.jpg	/media/avatars/2013/10/25/female_31.jpg	QUANALYST I			2008-04-28	t	13	\N
1374	Patty Odum	/media/avatars/2013/10/25/female_32.jpg	/media/avatars/2013/10/25/female_32.jpg	DESKTOP ADMINISTRATOR II			2008-03-31	t	4	\N
1375	Yuk Snodgrass	/media/avatars/2013/10/25/female_33.jpg	/media/avatars/2013/10/25/female_33.jpg	RETENTION ANALYST			2008-09-02	t	10	\N
1372	Annie Pollard	/media/avatars/2013/10/25/female_34.jpg	/media/avatars/2013/10/25/female_34.jpg	SR. COPYWRITER II			2004-11-15	t	10	\N
1373	Florence Knox	/media/avatars/2013/10/25/female_35.jpg	/media/avatars/2013/10/25/female_35.jpg	WRITER LIAISON			2008-07-14	t	12	\N
1371	Rose Rhodes	/media/avatars/2013/10/25/female_36.jpg	/media/avatars/2013/10/25/female_36.jpg	VP TECH OPERATIONS			2006-12-04	t	10	\N
1369	Rozanne Adams	/media/avatars/2013/10/25/female_37.jpg	/media/avatars/2013/10/25/female_37.jpg	ADVISOR I			2006-12-06	t	2	\N
1370	Constance Bryan	/media/avatars/2013/10/25/female_38.jpg	/media/avatars/2013/10/25/female_38.jpg	ONLINE ANALYST I			2008-01-14	t	12	\N
1367	Laurie Brown	/media/avatars/2013/10/25/female_39.jpg	/media/avatars/2013/10/25/female_39.jpg	ONLINE EDITOR			2007-04-02	t	12	\N
1368	Connie Le	/media/avatars/2013/10/25/female_40.jpg	/media/avatars/2013/10/25/female_40.jpg	SENIOR PREMIUM SERVICES EDITOR			2006-08-21	t	11	\N
1366	Kia Hayes	/media/avatars/2013/10/25/female_41.jpg	/media/avatars/2013/10/25/female_41.jpg	DIRECTOR ADP			2008-06-16	t	2	\N
1365	Marie Howland	/media/avatars/2013/10/25/female_42.jpg	/media/avatars/2013/10/25/female_42.jpg				2007-09-24	t	5	\N
1364	Tina Salmon	/media/avatars/2013/10/25/female_43.jpg	/media/avatars/2013/10/25/female_43.jpg	THE CONNECTOR			2007-07-19	t	10	\N
1363	Herma Jones	/media/avatars/2013/10/25/female_44.jpg	/media/avatars/2013/10/25/female_44.jpg	MARKETING RESEARCH ANALYST			2007-06-11	t	10	\N
1362	Amber Barnes	/media/avatars/2013/10/25/female_45.jpg	/media/avatars/2013/10/25/female_45.jpg	SENIOR ANALYST I			2008-01-14	t	2	\N
1361	Kelli Stainbrook	/media/avatars/2013/10/25/female_46.jpg	/media/avatars/2013/10/25/female_46.jpg	SENIOR ANALYST II			2008-01-14	t	2	\N
1360	Deborah Turner	/media/avatars/2013/10/25/female_47.jpg	/media/avatars/2013/10/25/female_47.jpg	SR PROJECT MANAGER			1997-01-17	t	13	\N
1359	Gloria Bourne	/media/avatars/2013/10/25/female_48.jpg	/media/avatars/2013/10/25/female_48.jpg	DIRECTOR RETENTION			2008-03-19	t	10	\N
1358	Amanda Olivera	/media/avatars/2013/10/25/female_49.jpg	/media/avatars/2013/10/25/female_49.jpg	EMAIL OPERATIONS FOOL			1999-09-27	t	11	\N
1357	Doris Carver	/media/avatars/2013/10/25/female_50.jpg	/media/avatars/2013/10/25/female_50.jpg	DIRECTOR MEMBER SERVICES			2006-03-01	t	11	\N
1355	Nancy Hill	/media/avatars/2013/10/25/female_51.jpg	/media/avatars/2013/10/25/female_51.jpg	ADVISOR			2008-09-16	t	2	\N
1356	Angelique Thibodeau	/media/avatars/2013/10/25/female_52.jpg	/media/avatars/2013/10/25/female_52.jpg	SENIOR ANALYST III MFAM			2011-10-17	t	7	\N
1354	Patricia Smtih	/media/avatars/2013/10/25/female_53.jpg	/media/avatars/2013/10/25/female_53.jpg	INTERNATIONAL TECHNOLOGY			2008-03-24	t	10	\N
1352	Cherry Belin	/media/avatars/2013/10/25/female_54.jpg	/media/avatars/2013/10/25/female_54.jpg	PRODUCER I			2009-11-30	t	12	\N
1353	Sharon Lambert	/media/avatars/2013/10/25/female_55.jpg	/media/avatars/2013/10/25/female_55.jpg	SENIOR ANALYST I			2009-07-15	t	2	\N
1351	Tracy Rodriguez	/media/avatars/2013/10/25/female_56.jpg	/media/avatars/2013/10/25/female_56.jpg	BOARD ADMINISTRATOR			1997-06-02	t	11	\N
1349	Melba Gonzales	/media/avatars/2013/10/25/female_57.jpg	/media/avatars/2013/10/25/female_57.jpg	JR QUANALYST			2010-02-09	t	10	\N
1350	Linda Brennan	/media/avatars/2013/10/25/female_58.jpg	/media/avatars/2013/10/25/female_58.jpg	EMPLOYEE DEV SPECIALIST			2000-05-09	t	10	\N
1348	Jewel Atwell	/media/avatars/2013/10/25/female_59.jpg	/media/avatars/2013/10/25/female_59.jpg	WRITER			2003-12-16	t	12	\N
1347	Maureen Schneider	/media/avatars/2013/10/25/female_60.jpg	/media/avatars/2013/10/25/female_60.jpg	RETENTION MANAGER			2007-10-16	t	11	\N
1346	Linda Byrd	/media/avatars/2013/10/25/female_61.jpg	/media/avatars/2013/10/25/female_61.jpg	BUSINESS DEVELOPMENT FOOL			2007-12-03	t	7	\N
1345	Ashley Tammaro	/media/avatars/2013/10/25/female_62.jpg	/media/avatars/2013/10/25/female_62.jpg	MEMBER SERVICES OPS MANAGER			2000-02-22	t	10	\N
1344	Yvonne Rapp	/media/avatars/2013/10/25/female_63.jpg	/media/avatars/2013/10/25/female_63.jpg	VP STOCK QUOTES & PORT PAGES			2008-06-17	t	10	\N
1343	Dorothy Reynolds	/media/avatars/2013/10/25/female_64.jpg	/media/avatars/2013/10/25/female_64.jpg	RESEARCH ANALYST 1			2009-01-12	t	2	\N
1342	Kellie Summers	/media/avatars/2013/10/25/female_65.jpg	/media/avatars/2013/10/25/female_65.jpg	SCRUM MASTER PROJECT MANAGER I			2006-09-25	t	13	\N
1341	Julianne Slade	/media/avatars/2013/10/25/female_66.jpg	/media/avatars/2013/10/25/female_66.jpg	ADVISOR III			2004-08-16	t	2	\N
1340	Elizabeth Reamer	/media/avatars/2013/10/25/female_67.jpg	/media/avatars/2013/10/25/female_67.jpg	DEVELOPER I			2008-06-09	t	13	\N
1338	Linda Lester	/media/avatars/2013/10/25/female_68.jpg	/media/avatars/2013/10/25/female_68.jpg	DEVELOPER II			2006-11-16	t	13	\N
1339	Melissa Crumb	/media/avatars/2013/10/25/female_69.jpg	/media/avatars/2013/10/25/female_69.jpg	FRONT END WEB DEVELOPER			2007-07-02	t	9	\N
1337	Mary Dupre	/media/avatars/2013/10/25/female_70.jpg	/media/avatars/2013/10/25/female_70.jpg	ADVISOR II			2007-02-05	t	10	\N
1336	Merry Ware	/media/avatars/2013/10/25/female_71.jpg	/media/avatars/2013/10/25/female_71.jpg	LEAD DEVELOPER I			2006-10-16	t	13	\N
1335	Kathleen Johnson	/media/avatars/2013/10/25/female_72.jpg	/media/avatars/2013/10/25/female_72.jpg	DIRECTOR MEMBER EXPERIENCE			1999-05-05	t	3	\N
1334	Emily Hawthorn	/media/avatars/2013/10/25/female_73.jpg	/media/avatars/2013/10/25/female_73.jpg	WRITER & EDITOR			1997-07-07	t	12	\N
1332	Kelsey Foster	/media/avatars/2013/10/25/female_74.jpg	/media/avatars/2013/10/25/female_74.jpg	SENIOR RETENTION MANAGER			2003-09-22	t	11	\N
1333	Peg Nelson	/media/avatars/2013/10/25/female_75.jpg	/media/avatars/2013/10/25/female_75.jpg	SPECIAL PROJECTS			2001-02-26	t	10	\N
1331	Patricia Godwin	/media/avatars/2013/10/25/female_76.jpg	/media/avatars/2013/10/25/female_76.jpg	VP BUSINESS DEVELOPMENT			2006-06-20	t	1	\N
1330	Stephanie Youngman	/media/avatars/2013/10/25/female_77.jpg	/media/avatars/2013/10/25/female_77.jpg	COLLABORATION FOOL			1998-11-15	t	10	\N
1329	Gloria Chappelle	/media/avatars/2013/10/25/female_78.jpg	/media/avatars/2013/10/25/female_78.jpg	LEAD FEWD			2007-01-03	t	9	\N
1328	Marguerite McQueen	/media/avatars/2013/10/25/female_79.jpg	/media/avatars/2013/10/25/female_79.jpg	MANAGER DRM DESIGN			2008-06-09	t	10	\N
1327	Lourdes Londono	/media/avatars/2013/10/25/female_80.jpg	/media/avatars/2013/10/25/female_80.jpg	SR FRONT END WEB DEVELOPER			2006-05-22	t	9	\N
1326	Betty Lustig	/media/avatars/2013/10/25/female_81.jpg	/media/avatars/2013/10/25/female_81.jpg	GRAPHICS EDITOR			2007-04-09	t	12	\N
1325	Diane Klein	/media/avatars/2013/10/25/female_82.jpg	/media/avatars/2013/10/25/female_82.jpg	SR USER EXPERIENCE DESIGNER II			2007-04-02	t	9	\N
1324	Ethel Ramos	/media/avatars/2013/10/25/female_83.jpg	/media/avatars/2013/10/25/female_83.jpg	PROJECT MANAGER			2008-09-08	t	9	\N
1323	Kristen Brady	/media/avatars/2013/10/25/female_84.jpg	/media/avatars/2013/10/25/female_84.jpg	FRONT END WEB DEVELOPER			2009-03-02	t	9	\N
1322	Leigh McNulty	/media/avatars/2013/10/25/female_85.jpg	/media/avatars/2013/10/25/female_85.jpg	SR USER EXPERIENCE DESIGNER			2006-03-27	t	9	\N
1321	Lisa Burrows	/media/avatars/2013/10/25/female_86.jpg	/media/avatars/2013/10/25/female_86.jpg	SR FRONT END WEB DEVELOPER II			2007-11-16	t	9	\N
1320	Wanda Gallo	/media/avatars/2013/10/25/female_87.jpg	/media/avatars/2013/10/25/female_87.jpg	TRAINING COORDINATOR			2008-04-28	t	10	\N
1319	Paulette Robles	/media/avatars/2013/10/25/female_88.jpg	/media/avatars/2013/10/25/female_88.jpg	DIRECTOR USER INTERFACE			2006-03-06	t	10	\N
1318	Brittany Myers	/media/avatars/2013/10/25/female_89.jpg	/media/avatars/2013/10/25/female_89.jpg	SCRUM MASTER PROJECT MANAGER I			2009-08-03	t	13	\N
1317	Cordelia Muse	/media/avatars/2013/10/25/female_90.jpg	/media/avatars/2013/10/25/female_90.jpg	VP BUSINESS DEVELOPMENT			1998-11-13	t	1	\N
1316	Connie Gallup	/media/avatars/2013/10/25/female_91.jpg	/media/avatars/2013/10/25/female_91.jpg	DEVELOPER I			2010-01-11	t	13	\N
1315	Susan Wertz	/media/avatars/2013/10/25/female_92.jpg	/media/avatars/2013/10/25/female_92.jpg	CHIEF INVESTMENT OFFICER			1996-11-18	t	10	\N
1314	Sandra Wade	/media/avatars/2013/10/25/female_93.jpg	/media/avatars/2013/10/25/female_93.jpg	MEMBER SERVICES FOOL			2005-10-04	t	11	\N
1313	Lori Dennison	/media/avatars/2013/10/25/female_94.jpg	/media/avatars/2013/10/25/female_94.jpg	PRODUCTION DESIGNER			2004-02-23	t	9	\N
1312	Antoinette Robinson	/media/avatars/2013/10/25/female_95.jpg	/media/avatars/2013/10/25/female_95.jpg	EXECUTIVE ASSISTANT			2009-02-09	t	2	\N
1311	Katherine Bowman	/media/avatars/2013/10/25/female_96.jpg	/media/avatars/2013/10/25/female_96.jpg	RESEARCH ANALYST II			2010-02-22	t	2	\N
1310	Anna Smith	/media/avatars/2013/10/25/female_97.jpg	/media/avatars/2013/10/25/female_97.jpg	ADVISOR II			2009-04-13	t	2	\N
1309	Luisa Carlson	/media/avatars/2013/10/25/female_98.jpg	/media/avatars/2013/10/25/female_98.jpg	GENERAL MANAGER			2008-12-01	t	12	\N
1308	Charity Riley	/media/avatars/2013/10/25/female_99.jpg	/media/avatars/2013/10/25/female_99.jpg	RESEARCH ANALYST II			2010-02-22	t	2	\N
1307	Crystal Ly	/media/avatars/2013/10/25/female_100.jpg	/media/avatars/2013/10/25/female_100.jpg	PRODUCT MANAGER			2010-02-22	t	10	\N
1306	Helen Scott	/media/avatars/2013/10/25/female_101.jpg	/media/avatars/2013/10/25/female_101.jpg	LEAD DBA			2008-02-25	t	4	\N
1305	Susan Petrella	/media/avatars/2013/10/25/female_102.jpg	/media/avatars/2013/10/25/female_102.jpg	ACCOUNTING MANAGER			2000-12-29	t	6	\N
1304	Ellen Ortiz	/media/avatars/2013/10/25/female_103.jpg	/media/avatars/2013/10/25/female_103.jpg	SR QUANTITATIVE ANALYST			2008-05-01	t	2	\N
1303	Maria Studer	/media/avatars/2013/10/25/female_104.jpg	/media/avatars/2013/10/25/female_104.jpg	DEVELOPER I			2009-06-08	t	13	\N
1302	Brittani Jones	/media/avatars/2013/10/25/female_105.jpg	/media/avatars/2013/10/25/female_105.jpg	RETAIL FUND ASSOCIATE MFAM			2010-05-25	t	7	\N
1301	Billie Gibbons	/media/avatars/2013/10/25/female_106.jpg	/media/avatars/2013/10/25/female_106.jpg	ORGANIZATIONAL DEVELOPMENT			2010-05-03	t	10	\N
1300	Emma Marra	/media/avatars/2013/10/25/female_107.jpg	/media/avatars/2013/10/25/female_107.jpg	ONLINE ANALYST I			2010-07-19	t	12	\N
1299	Marilyn Brooks	/media/avatars/2013/10/25/female_108.jpg	/media/avatars/2013/10/25/female_108.jpg	ONLINE EDITOR			2010-07-19	t	12	\N
1298	Lori Dejesus	/media/avatars/2013/10/25/female_109.jpg	/media/avatars/2013/10/25/female_109.jpg	MULTIMEDIA PRODUCER			2010-09-13	t	11	\N
1297	Mary Lewis	/media/avatars/2013/10/25/female_110.jpg	/media/avatars/2013/10/25/female_110.jpg	FRONT END WEB DEVELOPER			2010-09-13	t	9	\N
1296	Megan Cunningham	/media/avatars/2013/10/25/female_111.jpg	/media/avatars/2013/10/25/female_111.jpg	MARKETING COORDINATOR			2010-10-04	t	8	\N
1295	Mary Spratt	/media/avatars/2013/10/25/female_112.jpg	/media/avatars/2013/10/25/female_112.jpg	EXECUTIVE ASSISTANT			2010-10-11	t	9	\N
1294	Carol Smith	/media/avatars/2013/10/25/female_113.jpg	/media/avatars/2013/10/25/female_113.jpg	RESEARCH ANALYST 1			2010-11-08	t	2	\N
1293	Virginia Crabtree	/media/avatars/2013/10/25/female.jpg	/media/avatars/2013/10/25/female.jpg	RESEARCH ANALYST 1			2010-11-08	t	2	\N
1292	Katherine Smalls	/media/avatars/2013/10/25/female.jpg	/media/avatars/2013/10/25/female.jpg	LEAD NETWORK ENGINEER			2010-10-11	t	4	\N
1291	Kathleen Calhoon	/media/avatars/2013/10/25/female.jpg	/media/avatars/2013/10/25/female.jpg	SR USER EXPERIENCE DESIGNER			1999-11-22	t	9	\N
1290	Linda Simon	/media/avatars/2013/10/25/female.jpg	/media/avatars/2013/10/25/female.jpg				2006-03-02	t	5	\N
1289	Tina Whitacre	/media/avatars/2013/10/25/female.jpg	/media/avatars/2013/10/25/female.jpg	IT VENDOR RELATIONSHIP MANAGER			1999-06-09	t	10	\N
1288	Vanessa Gist	/media/avatars/2013/10/25/female.jpg	/media/avatars/2013/10/25/female.jpg	VP ENTERPRISE ARCHITECTURE			2000-11-10	t	10	\N
1287	Angela Williams	/media/avatars/2013/10/25/female.jpg	/media/avatars/2013/10/25/female.jpg	SPECIAL PROJECTS			2006-01-23	t	9	\N
1286	Lisa Rocco	/media/avatars/2013/10/25/female.jpg	/media/avatars/2013/10/25/female.jpg	FRONT END WEB DEVELOPER			2010-01-04	t	9	\N
1285	Pat Morrison	/media/avatars/2013/10/25/female.jpg	/media/avatars/2013/10/25/female.jpg	DEVELOPER II			2008-07-21	t	13	\N
1284	Robin Vito	/media/avatars/2013/10/25/female.jpg	/media/avatars/2013/10/25/female.jpg	LEAD ARCHITECT			2002-04-13	t	13	\N
1283	Yvonne Hensley	/media/avatars/2013/10/25/female.jpg	/media/avatars/2013/10/25/female.jpg	HUMAN RESOURCES MANAGER			2007-10-15	t	6	\N
1282	Cindy Vess	/media/avatars/2013/10/25/female.jpg	/media/avatars/2013/10/25/female.jpg	LEAD SYSTEMS ENGINEER			2006-05-31	t	4	\N
1281	Amy Haywood	/media/avatars/2013/10/25/female.jpg	/media/avatars/2013/10/25/female.jpg	SYSTEMS ENGINEER I			2005-07-11	t	4	\N
1532	Glen Washington	/media/avatars/2013/10/25/male_126.jpg	/media/avatars/2013/10/25/male_126.jpg	INTERN			2013-04-01	t	13	\N
1533	Fred Henninger	/media/avatars/2013/10/25/male_127.jpg	/media/avatars/2013/10/25/male_127.jpg	INTERN			2013-04-01	t	13	\N
1534	James Fernandez	/media/avatars/2013/10/25/male_128.jpg	/media/avatars/2013/10/25/male_128.jpg	INTERN			2013-04-01	t	13	\N
1535	Paul Colby	/media/avatars/2013/10/25/male_129.jpg	/media/avatars/2013/10/25/male_129.jpg	INTERN			2013-01-14	t	13	\N
1536	Robert Wilkins	/media/avatars/2013/10/25/male_130.jpg	/media/avatars/2013/10/25/male_130.jpg	ANALYST DEVELOPMENT PROGRAM			2013-04-15	t	2	\N
1537	Charles Myers	/media/avatars/2013/10/25/male.jpg	/media/avatars/2013/10/25/male.jpg	ANALYST DEVELOPMENT PROGRAM			2013-04-15	t	2	\N
1538	Barton Vasquez	/media/avatars/2013/10/25/male.jpg	/media/avatars/2013/10/25/male.jpg	ANALYST DEVELOPMENT PROGRAM			2013-04-15	t	2	\N
1539	George Walton	/media/avatars/2013/10/25/male.jpg	/media/avatars/2013/10/25/male.jpg				2013-05-01	t	5	\N
1540	David Lam	/media/avatars/2013/10/25/male.jpg	/media/avatars/2013/10/25/male.jpg	MEMBER SERVICES FOOL			2013-05-29	t	11	\N
1541	Harold Monroe	/media/avatars/2013/10/25/male.jpg	/media/avatars/2013/10/25/male.jpg	EMAIL MARKETING FOOL			2013-06-03	t	8	\N
\.


--
-- Name: org_employee_id_seq; Type: SEQUENCE SET; Schema: demo; Owner: djangotalentdashboard
--

SELECT pg_catalog.setval('org_employee_id_seq', 1541, true);


--
-- Data for Name: org_leadership; Type: TABLE DATA; Schema: demo; Owner: djangotalentdashboard
--

COPY org_leadership (id, leader_id, employee_id, start_date, end_date) FROM stdin;
1	1426	1531	2014-02-24	\N
2	1426	1529	2014-02-24	\N
3	1426	1530	2014-02-24	\N
4	1428	1528	2014-02-24	\N
5	1516	1526	2014-02-24	\N
6	1524	1527	2014-02-24	\N
7	1440	1525	2014-02-24	\N
8	1541	1524	2014-02-24	\N
9	1415	1523	2014-02-24	\N
10	1394	1522	2014-02-24	\N
11	1359	1521	2014-02-24	\N
12	1458	1520	2014-02-24	\N
13	1434	1519	2014-02-24	\N
14	1450	1518	2014-02-24	\N
15	1301	1517	2014-02-24	\N
16	1309	1516	2014-02-24	\N
17	1541	1515	2014-02-24	\N
18	1309	1513	2014-02-24	\N
19	1475	1514	2014-02-24	\N
20	1282	1512	2014-02-24	\N
21	1357	1511	2014-02-24	\N
22	1489	1510	2014-02-24	\N
23	1470	1508	2014-02-24	\N
24	1357	1509	2014-02-24	\N
25	1328	1507	2014-02-24	\N
26	1438	1506	2014-02-24	\N
27	1372	1505	2014-02-24	\N
28	1372	1504	2014-02-24	\N
29	1372	1503	2014-02-24	\N
30	1458	1502	2014-02-24	\N
31	1366	1501	2014-02-24	\N
32	1494	1500	2014-02-24	\N
33	1489	1499	2014-02-24	\N
34	1541	1498	2014-02-24	\N
35	1387	1497	2014-02-24	\N
36	1394	1496	2014-02-24	\N
37	1357	1495	2014-02-24	\N
38	1541	1494	2014-02-24	\N
39	1379	1492	2014-02-24	\N
40	1390	1493	2014-02-24	\N
41	1309	1491	2014-02-24	\N
42	1420	1489	2014-02-24	\N
43	1541	1490	2014-02-24	\N
44	1524	1488	2014-02-24	\N
45	1362	1487	2014-02-24	\N
46	1292	1486	2014-02-24	\N
47	1440	1485	2014-02-24	\N
48	1309	1484	2014-02-24	\N
49	1442	1483	2014-02-24	\N
50	1458	1482	2014-02-24	\N
51	1362	1481	2014-02-24	\N
52	1361	1480	2014-02-24	\N
53	1372	1479	2014-02-24	\N
54	1386	1477	2014-02-24	\N
55	1357	1478	2014-02-24	\N
56	1357	1476	2014-02-24	\N
57	1309	1475	2014-02-24	\N
58	1315	1474	2014-02-24	\N
59	1328	1473	2014-02-24	\N
60	1357	1471	2014-02-24	\N
61	1541	1472	2014-02-24	\N
62	1421	1470	2014-02-24	\N
63	1394	1469	2014-02-24	\N
64	1475	1468	2014-02-24	\N
65	1319	1466	2014-02-24	\N
66	1284	1467	2014-02-24	\N
67	1521	1465	2014-02-24	\N
68	1366	1464	2014-02-24	\N
69	1450	1463	2014-02-24	\N
70	1420	1462	2014-02-24	\N
71	1475	1461	2014-02-24	\N
72	1438	1460	2014-02-24	\N
73	1309	1459	2014-02-24	\N
74	1541	1458	2014-02-24	\N
75	1470	1457	2014-02-24	\N
76	1450	1455	2014-02-24	\N
77	1541	1456	2014-02-24	\N
78	1450	1454	2014-02-24	\N
79	1336	1453	2014-02-24	\N
80	1282	1451	2014-02-24	\N
81	1541	1452	2014-02-24	\N
82	1425	1450	2014-02-24	\N
83	1428	1448	2014-02-24	\N
84	1292	1449	2014-02-24	\N
85	1541	1447	2014-02-24	\N
86	1400	1446	2014-02-24	\N
87	1541	1445	2014-02-24	\N
88	1292	1444	2014-02-24	\N
89	1541	1442	2014-02-24	\N
90	1541	1443	2014-02-24	\N
91	1442	1441	2014-02-24	\N
92	1442	1440	2014-02-24	\N
93	1442	1439	2014-02-24	\N
94	1541	1438	2014-02-24	\N
95	1315	1437	2014-02-24	\N
96	1498	1436	2014-02-24	\N
97	1458	1434	2014-02-24	\N
98	1399	1435	2014-02-24	\N
99	1386	1433	2014-02-24	\N
100	1394	1432	2014-02-24	\N
101	1411	1431	2014-02-24	\N
102	1386	1429	2014-02-24	\N
103	1315	1430	2014-02-24	\N
104	1541	1428	2014-02-24	\N
105	1541	1427	2014-02-24	\N
106	1541	1426	2014-02-24	\N
107	1371	1425	2014-02-24	\N
108	1411	1424	2014-02-24	\N
109	1421	1422	2014-02-24	\N
110	1383	1423	2014-02-24	\N
111	1541	1421	2014-02-24	\N
112	1541	1420	2014-02-24	\N
113	1390	1419	2014-02-24	\N
114	1541	1418	2014-02-24	\N
115	1541	1417	2014-02-24	\N
116	1541	1416	2014-02-24	\N
117	1379	1414	2014-02-24	\N
118	1426	1415	2014-02-24	\N
119	1541	1413	2014-02-24	\N
120	1394	1412	2014-02-24	\N
121	1421	1411	2014-02-24	\N
122	1315	1409	2014-02-24	\N
123	1315	1410	2014-02-24	\N
124	1361	1408	2014-02-24	\N
125	1315	1406	2014-02-24	\N
126	1380	1407	2014-02-24	\N
127	1394	1405	2014-02-24	\N
128	1541	1403	2014-02-24	\N
129	1306	1404	2014-02-24	\N
130	1309	1402	2014-02-24	\N
131	1315	1401	2014-02-24	\N
132	1541	1400	2014-02-24	\N
133	1541	1399	2014-02-24	\N
134	1498	1397	2014-02-24	\N
135	1315	1398	2014-02-24	\N
136	1494	1395	2014-02-24	\N
137	1400	1396	2014-02-24	\N
138	1541	1393	2014-02-24	\N
139	1498	1394	2014-02-24	\N
140	1288	1391	2014-02-24	\N
141	1357	1392	2014-02-24	\N
142	1421	1390	2014-02-24	\N
143	1290	1389	2014-02-24	\N
144	1383	1388	2014-02-24	\N
145	1290	1386	2014-02-24	\N
146	1385	1387	2014-02-24	\N
147	1541	1385	2014-02-24	\N
148	1362	1384	2014-02-24	\N
149	1541	1383	2014-02-24	\N
150	1394	1382	2014-02-24	\N
151	1521	1381	2014-02-24	\N
152	1426	1379	2014-02-24	\N
153	1420	1380	2014-02-24	\N
154	1541	1377	2014-02-24	\N
155	1411	1378	2014-02-24	\N
156	1324	1376	2014-02-24	\N
157	1450	1374	2014-02-24	\N
158	1541	1375	2014-02-24	\N
159	1541	1372	2014-02-24	\N
160	1380	1373	2014-02-24	\N
161	1541	1371	2014-02-24	\N
162	1315	1369	2014-02-24	\N
163	1390	1370	2014-02-24	\N
164	1422	1367	2014-02-24	\N
165	1387	1368	2014-02-24	\N
166	1315	1366	2014-02-24	\N
167	1419	1365	2014-02-24	\N
168	1541	1364	2014-02-24	\N
169	1541	1363	2014-02-24	\N
170	1315	1362	2014-02-24	\N
171	1315	1361	2014-02-24	\N
172	1288	1360	2014-02-24	\N
173	1541	1359	2014-02-24	\N
174	1345	1358	2014-02-24	\N
175	1345	1357	2014-02-24	\N
176	1315	1355	2014-02-24	\N
177	1400	1356	2014-02-24	\N
178	1541	1354	2014-02-24	\N
179	1411	1352	2014-02-24	\N
180	1361	1353	2014-02-24	\N
181	1359	1351	2014-02-24	\N
182	1354	1349	2014-02-24	\N
183	1541	1350	2014-02-24	\N
184	1380	1348	2014-02-24	\N
185	1359	1347	2014-02-24	\N
186	1528	1346	2014-02-24	\N
187	1541	1345	2014-02-24	\N
188	1541	1344	2014-02-24	\N
189	1362	1343	2014-02-24	\N
190	1288	1342	2014-02-24	\N
191	1315	1341	2014-02-24	\N
192	1415	1340	2014-02-24	\N
193	1336	1338	2014-02-24	\N
194	1329	1339	2014-02-24	\N
195	1541	1337	2014-02-24	\N
196	1426	1336	2014-02-24	\N
197	1498	1335	2014-02-24	\N
198	1422	1334	2014-02-24	\N
199	1385	1332	2014-02-24	\N
200	1541	1333	2014-02-24	\N
201	1399	1331	2014-02-24	\N
202	1541	1330	2014-02-24	\N
203	1319	1329	2014-02-24	\N
204	1541	1328	2014-02-24	\N
205	1329	1327	2014-02-24	\N
206	1390	1326	2014-02-24	\N
207	1319	1325	2014-02-24	\N
208	1452	1324	2014-02-24	\N
209	1329	1323	2014-02-24	\N
210	1319	1322	2014-02-24	\N
211	1329	1321	2014-02-24	\N
212	1541	1320	2014-02-24	\N
213	1541	1319	2014-02-24	\N
214	1288	1318	2014-02-24	\N
215	1399	1317	2014-02-24	\N
216	1379	1316	2014-02-24	\N
217	1541	1315	2014-02-24	\N
218	1357	1314	2014-02-24	\N
219	1319	1313	2014-02-24	\N
220	1315	1312	2014-02-24	\N
221	1362	1311	2014-02-24	\N
222	1315	1310	2014-02-24	\N
223	1421	1309	2014-02-24	\N
224	1361	1308	2014-02-24	\N
225	1541	1307	2014-02-24	\N
226	1425	1306	2014-02-24	\N
227	1440	1305	2014-02-24	\N
228	1307	1304	2014-02-24	\N
229	1415	1303	2014-02-24	\N
230	1448	1302	2014-02-24	\N
231	1541	1301	2014-02-24	\N
232	1309	1300	2014-02-24	\N
233	1494	1299	2014-02-24	\N
234	1345	1298	2014-02-24	\N
235	1329	1297	2014-02-24	\N
236	1515	1296	2014-02-24	\N
237	1333	1295	2014-02-24	\N
238	1361	1294	2014-02-24	\N
239	1362	1293	2014-02-24	\N
240	1425	1292	2014-02-24	\N
241	1319	1291	2014-02-24	\N
242	1458	1290	2014-02-24	\N
243	1541	1289	2014-02-24	\N
244	1541	1288	2014-02-24	\N
245	1319	1287	2014-02-24	\N
246	1329	1286	2014-02-24	\N
247	1415	1285	2014-02-24	\N
248	1288	1284	2014-02-24	\N
249	1442	1283	2014-02-24	\N
250	1425	1282	2014-02-24	\N
251	1282	1281	2014-02-24	\N
252	1426	1532	2014-02-24	\N
253	1426	1533	2014-02-24	\N
254	1426	1534	2014-02-24	\N
255	1426	1535	2014-02-24	\N
256	1366	1536	2014-02-24	\N
257	1366	1537	2014-02-24	\N
258	1366	1538	2014-02-24	\N
259	1458	1539	2014-02-24	\N
260	1357	1540	2014-02-24	\N
261	1524	1541	2014-02-24	\N
\.


--
-- Name: org_leadership_id_seq; Type: SEQUENCE SET; Schema: demo; Owner: djangotalentdashboard
--

SELECT pg_catalog.setval('org_leadership_id_seq', 261, true);


--
-- Data for Name: org_mentorship; Type: TABLE DATA; Schema: demo; Owner: djangotalentdashboard
--

COPY org_mentorship (id, mentor_id, mentee_id) FROM stdin;
\.


--
-- Name: org_mentorship_id_seq; Type: SEQUENCE SET; Schema: demo; Owner: djangotalentdashboard
--

SELECT pg_catalog.setval('org_mentorship_id_seq', 1, false);


--
-- Data for Name: org_team; Type: TABLE DATA; Schema: demo; Owner: djangotalentdashboard
--

COPY org_team (id, name, leader_id) FROM stdin;
1	Business Development	1399
2	Business Intelligence	1366
3	Customer Service	1394
4	Engineering	1450
5	Finance and Accounting	1290
6	Human Resources	1383
7	Legal	1400
8	Marketing	1301
9	Operations	1319
10	Partner Services	1354
11	Product Development	1345
12	Research and Development	1309
13	Software Engineering	1284
\.


--
-- Name: org_team_id_seq; Type: SEQUENCE SET; Schema: demo; Owner: djangotalentdashboard
--

SELECT pg_catalog.setval('org_team_id_seq', 13, false);


--
-- Data for Name: pvp_evaluationround; Type: TABLE DATA; Schema: demo; Owner: djangotalentdashboard
--

COPY pvp_evaluationround (id, date) FROM stdin;
1	2008-10-26
2	2009-03-04
3	2010-08-03
4	2011-02-01
5	2011-07-30
6	2012-01-31
7	2012-07-10
8	2012-12-18
9	2013-06-12
\.


--
-- Name: pvp_evaluationround_id_seq; Type: SEQUENCE SET; Schema: demo; Owner: djangotalentdashboard
--

SELECT pg_catalog.setval('pvp_evaluationround_id_seq', 9, false);


--
-- Data for Name: pvp_pvpevaluation; Type: TABLE DATA; Schema: demo; Owner: djangotalentdashboard
--

COPY pvp_pvpevaluation (id, employee_id, evaluation_round_id, potential, performance) FROM stdin;
1	1281	9	3	4
2	1281	8	3	4
3	1281	7	3	4
4	1281	6	3	4
5	1281	5	2	4
6	1281	4	3	3
7	1281	3	3	3
9	1281	2	3	3
10	1281	1	3	4
11	1282	9	3	3
12	1282	8	3	3
13	1282	7	2	3
14	1282	6	3	4
15	1282	5	2	3
16	1282	4	2	3
17	1282	3	4	3
19	1282	2	3	4
20	1282	1	3	3
21	1283	9	4	4
22	1283	8	3	4
23	1283	7	3	4
24	1283	6	3	4
25	1283	5	2	4
26	1283	4	2	4
27	1283	3	2	4
29	1283	2	3	4
30	1283	1	2	4
31	1284	9	3	4
32	1284	8	3	4
33	1284	6	3	3
34	1284	5	3	4
35	1284	4	4	3
36	1284	3	4	4
38	1284	2	4	4
39	1284	1	4	4
40	1285	9	3	4
41	1285	8	3	4
42	1285	6	2	4
43	1285	4	3	3
44	1285	3	3	3
46	1285	2	3	3
47	1285	1	3	3
48	1286	9	2	3
49	1286	8	2	3
50	1286	6	2	3
51	1286	5	3	3
52	1286	4	3	3
53	1287	9	3	3
54	1287	8	3	3
55	1287	6	3	3
56	1287	5	3	3
57	1287	4	3	3
58	1287	3	4	3
60	1287	2	3	3
61	1287	1	3	3
62	1288	9	3	3
63	1288	4	4	4
64	1288	3	4	4
66	1288	2	4	3
67	1289	9	3	4
68	1289	8	4	4
69	1289	7	4	4
70	1289	6	4	4
71	1289	5	4	4
72	1289	4	4	4
73	1289	2	3	4
74	1289	1	2	4
75	1290	9	3	4
76	1290	8	3	4
77	1290	6	3	3
78	1290	5	4	3
79	1290	4	4	4
80	1290	3	3	4
82	1290	2	4	4
83	1290	1	4	4
84	1291	9	1	2
85	1291	8	1	3
86	1291	7	1	3
87	1291	6	1	3
88	1291	5	2	3
89	1291	4	2	2
90	1291	3	3	3
92	1291	2	2	3
93	1291	1	2	3
94	1292	9	4	4
95	1292	8	3	4
96	1292	7	3	4
97	1292	6	3	3
98	1292	5	3	4
99	1292	4	3	4
100	1293	9	3	3
101	1293	8	3	2
102	1293	7	3	3
103	1293	6	4	3
104	1293	5	4	3
105	1294	9	3	3
106	1294	8	4	3
107	1294	7	3	3
108	1294	6	3	3
109	1294	5	4	3
110	1295	9	2	2
111	1295	7	1	3
112	1295	6	3	3
113	1295	4	2	3
114	1296	8	2	3
115	1296	7	2	2
116	1296	5	4	3
117	1296	4	3	3
118	1297	9	3	3
119	1297	8	3	3
120	1297	7	3	3
121	1297	6	3	3
122	1297	5	2	3
123	1297	4	3	2
124	1298	9	2	3
125	1298	8	2	3
126	1298	6	3	3
127	1298	5	3	4
128	1298	4	3	4
129	1299	9	3	3
130	1299	8	3	3
131	1299	7	4	4
132	1299	6	3	3
133	1299	5	2	2
134	1299	4	3	3
135	1299	3	3	3
136	1300	9	4	4
137	1300	8	4	4
138	1300	7	4	4
139	1300	6	2	3
140	1300	5	2	2
141	1300	4	3	3
142	1300	3	3	3
143	1301	8	3	4
144	1301	4	4	3
145	1302	9	3	4
146	1302	8	3	4
147	1302	7	3	4
148	1302	5	3	3
149	1302	4	3	3
150	1303	9	2	3
151	1303	8	2	3
152	1303	7	3	3
153	1303	6	3	3
154	1303	5	3	3
155	1303	4	4	4
156	1303	3	3	3
157	1304	9	3	4
158	1304	8	3	4
159	1304	7	3	3
160	1304	5	4	3
161	1304	3	4	4
163	1304	2	4	4
164	1304	1	4	4
165	1305	9	2	3
166	1305	8	2	4
167	1305	7	2	4
168	1305	6	2	4
169	1305	5	2	4
170	1305	4	2	4
171	1305	3	2	4
172	1305	2	2	3
173	1305	1	2	3
174	1306	9	3	4
175	1306	8	2	4
176	1306	7	2	4
177	1306	6	2	3
178	1306	5	4	3
179	1306	4	4	3
180	1306	3	3	3
182	1306	2	2	3
183	1306	1	2	3
184	1307	9	4	4
185	1307	8	4	4
186	1307	7	3	3
187	1307	5	4	3
188	1307	3	3	3
189	1308	9	3	4
190	1308	8	3	4
191	1308	7	4	3
192	1308	6	3	3
193	1308	5	3	3
194	1308	3	3	3
195	1309	9	4	4
196	1309	8	4	4
197	1309	7	4	4
198	1309	6	4	4
199	1309	5	4	2
200	1309	4	4	3
201	1309	3	3	3
203	1309	2	2	3
204	1310	9	3	4
205	1310	8	3	3
206	1310	7	3	3
207	1310	6	3	4
208	1310	5	3	4
209	1310	3	4	3
210	1311	9	4	4
211	1311	8	4	4
212	1311	7	4	4
213	1311	6	4	3
214	1311	5	4	3
215	1311	3	4	3
216	1312	9	2	2
217	1312	8	2	3
218	1312	7	2	2
219	1312	6	3	1
220	1312	5	3	3
221	1312	4	3	3
222	1312	3	2	3
223	1312	2	2	3
224	1313	9	1	3
225	1313	8	1	3
226	1313	7	1	3
227	1313	6	1	3
228	1313	5	2	3
229	1313	4	2	2
230	1313	3	3	4
231	1313	2	2	3
232	1313	1	1	3
233	1314	9	1	4
234	1314	8	1	4
235	1314	7	1	4
236	1314	6	2	4
237	1314	5	2	4
238	1314	4	2	4
239	1314	3	2	4
240	1314	2	2	4
241	1314	1	2	4
242	1315	9	4	4
243	1315	3	4	4
245	1315	2	4	4
246	1315	1	4	4
247	1316	9	2	3
248	1316	8	2	3
249	1316	7	2	3
250	1316	6	3	4
251	1316	5	3	3
252	1316	4	3	3
253	1316	3	3	2
254	1317	9	2	3
255	1317	8	3	3
256	1317	7	2	3
257	1317	5	3	3
258	1317	4	3	3
259	1318	9	3	4
260	1318	8	4	4
261	1318	6	4	4
262	1318	5	4	4
263	1318	4	3	4
264	1318	3	3	4
266	1319	9	3	3
267	1319	4	4	3
268	1319	3	4	3
270	1319	2	4	4
271	1319	1	4	4
272	1320	8	3	3
273	1320	5	3	3
274	1320	4	4	3
275	1320	3	2	4
277	1320	2	3	3
278	1320	1	2	3
279	1321	9	4	4
280	1321	8	4	4
281	1321	7	4	4
282	1321	6	4	4
283	1321	5	4	4
284	1321	4	4	4
285	1321	3	4	4
287	1321	2	4	4
288	1321	1	3	3
289	1322	9	3	3
290	1322	8	3	2
291	1322	7	3	2
292	1322	6	3	3
293	1322	5	4	3
294	1322	4	3	3
295	1322	3	4	3
297	1322	2	3	3
298	1322	1	3	3
299	1323	9	2	2
300	1323	8	2	4
301	1323	7	2	4
302	1323	6	1	3
303	1323	5	2	3
304	1323	4	2	3
305	1323	3	3	3
307	1324	9	3	3
308	1324	8	4	2
309	1324	7	2	3
310	1324	6	3	3
311	1324	5	3	3
312	1324	4	3	3
313	1324	3	3	3
315	1324	2	3	3
316	1324	1	2	3
317	1325	9	4	4
318	1325	8	4	4
319	1325	7	4	4
320	1325	6	4	4
321	1325	5	4	4
322	1325	4	4	4
323	1325	3	3	4
325	1325	2	3	4
326	1325	1	3	3
327	1326	9	1	3
328	1326	8	1	3
329	1326	7	2	3
330	1326	5	2	3
331	1326	4	2	3
332	1326	3	3	3
334	1326	2	3	3
335	1326	1	3	3
336	1327	9	1	3
337	1327	8	1	2
338	1327	7	1	2
339	1327	6	1	2
340	1327	5	2	3
341	1327	4	2	3
342	1327	3	2	3
344	1327	2	2	3
345	1327	1	2	4
346	1328	9	4	4
347	1328	8	4	4
348	1328	7	4	4
349	1328	6	4	4
350	1328	4	2	3
351	1328	3	4	4
354	1328	2	2	3
355	1328	1	2	3
356	1329	9	4	4
357	1329	8	4	4
358	1329	7	4	4
359	1329	6	4	4
360	1329	5	4	4
361	1329	4	4	4
362	1329	3	4	4
364	1329	2	4	4
365	1329	1	4	4
366	1330	8	2	3
367	1330	4	3	3
368	1330	3	4	4
370	1330	2	3	2
371	1330	1	3	2
372	1331	9	3	3
373	1331	8	3	2
374	1331	7	4	4
375	1331	5	4	4
376	1331	4	4	4
377	1331	3	4	4
379	1331	2	3	4
380	1331	1	3	4
381	1332	9	2	4
382	1332	6	3	3
383	1332	5	3	4
384	1332	4	3	4
385	1332	3	3	4
388	1332	2	2	4
389	1332	1	2	4
390	1333	9	4	3
391	1333	8	4	4
392	1333	7	4	4
393	1334	9	3	3
394	1334	8	2	3
395	1334	7	2	4
396	1334	6	2	3
397	1334	5	2	2
398	1334	4	3	2
399	1334	3	3	2
401	1334	2	2	3
402	1334	1	2	2
404	1335	9	3	3
405	1335	8	3	2
406	1335	7	3	3
407	1335	5	4	4
408	1335	4	4	4
409	1335	3	4	4
411	1335	2	4	4
412	1335	1	3	4
413	1336	9	4	3
414	1336	8	4	3
415	1336	7	4	4
416	1336	6	4	4
417	1336	5	4	4
418	1336	4	4	3
419	1336	3	4	3
421	1336	2	4	3
422	1336	1	4	3
423	1337	9	4	3
424	1337	8	4	4
425	1337	7	3	4
426	1337	6	3	4
427	1337	5	3	3
428	1337	3	3	4
430	1337	2	3	4
431	1337	1	3	3
432	1338	9	3	3
433	1338	8	3	3
434	1338	7	3	2
435	1338	6	3	3
436	1338	5	3	3
437	1338	4	3	4
438	1338	3	3	4
440	1338	2	3	4
441	1338	1	3	4
442	1339	9	2	3
443	1339	8	2	3
444	1339	7	1	3
445	1339	6	1	3
446	1339	5	2	3
447	1339	4	2	3
449	1339	2	2	3
450	1339	1	2	3
451	1340	9	3	4
452	1340	8	3	4
453	1340	7	2	4
454	1340	6	2	4
455	1340	5	2	4
456	1340	4	2	4
457	1340	3	2	4
459	1340	2	2	3
460	1340	1	2	3
461	1341	9	3	4
462	1341	8	3	4
463	1341	7	3	4
464	1341	6	3	4
465	1341	5	3	4
466	1341	3	4	3
468	1341	2	4	3
469	1341	1	4	4
470	1342	9	3	3
471	1342	8	3	3
472	1342	6	2	3
473	1342	5	2	2
475	1342	4	4	3
476	1342	3	3	2
478	1342	2	3	3
479	1342	1	3	3
480	1343	9	2	3
481	1343	8	2	3
482	1343	7	2	3
484	1343	6	3	3
485	1343	5	2	2
486	1343	4	3	2
487	1343	3	3	2
489	1343	2	2	3
490	1344	9	3	3
491	1344	8	4	3
492	1344	5	3	4
493	1344	4	3	4
494	1344	3	3	4
496	1344	2	2	3
497	1344	1	2	3
498	1345	9	2	4
499	1345	8	3	3
500	1345	7	3	2
501	1345	6	3	4
502	1345	5	2	3
503	1345	4	2	3
504	1345	3	2	3
505	1345	2	2	3
506	1345	1	2	3
507	1346	9	3	3
508	1346	8	3	3
509	1346	7	3	3
510	1346	5	4	2
511	1346	4	3	3
512	1346	3	4	3
513	1347	9	3	2
514	1347	8	3	2
515	1347	7	3	3
516	1347	5	3	3
517	1347	4	3	3
518	1347	3	3	3
520	1347	2	2	3
521	1347	1	2	3
522	1348	9	1	3
523	1348	8	1	3
524	1348	7	2	3
525	1348	6	2	3
526	1348	5	3	3
527	1348	4	1	3
528	1348	3	1	3
530	1348	2	2	3
531	1348	1	2	3
532	1349	9	2	4
533	1349	8	2	4
534	1349	7	2	3
535	1349	6	2	2
536	1349	5	2	3
537	1349	4	2	3
538	1349	3	4	3
539	1350	8	3	2
540	1350	3	4	3
542	1350	2	4	4
543	1350	1	4	4
544	1351	9	1	3
545	1351	5	2	4
546	1351	3	2	4
548	1351	2	3	4
549	1351	1	2	4
550	1352	9	2	4
551	1352	8	2	4
552	1352	7	2	3
553	1352	5	3	3
554	1352	4	3	3
555	1353	9	3	4
556	1353	8	3	4
557	1353	7	3	4
558	1353	6	3	4
559	1353	5	4	3
560	1353	3	3	3
561	1354	9	3	4
562	1354	8	3	3
564	1354	6	4	3
565	1354	5	4	2
566	1354	4	3	4
567	1354	3	3	3
569	1354	2	3	4
570	1354	1	3	4
571	1355	9	4	4
572	1355	8	4	4
573	1355	7	4	4
574	1355	6	4	4
575	1355	5	4	4
576	1355	3	4	4
578	1355	2	4	4
579	1356	9	4	4
580	1356	8	4	4
581	1356	7	4	4
582	1356	5	4	4
584	1356	3	4	4
586	1356	2	4	3
587	1356	1	4	3
588	1357	9	1	3
589	1357	8	2	4
590	1357	7	2	3
591	1357	6	2	4
592	1357	5	3	4
593	1357	4	3	4
594	1357	3	2	4
595	1357	2	2	4
596	1357	1	3	4
597	1358	9	1	4
598	1358	8	2	4
599	1358	7	2	4
600	1358	6	2	3
601	1358	5	2	3
602	1358	4	2	3
603	1358	3	4	4
605	1358	2	4	4
606	1358	1	2	4
607	1359	9	4	4
608	1359	8	4	4
609	1359	7	4	3
610	1359	6	4	4
611	1359	5	4	4
612	1359	4	4	4
613	1359	3	3	4
615	1359	2	4	4
616	1359	1	4	4
617	1360	9	4	4
618	1360	8	4	3
619	1360	6	3	3
620	1360	5	3	3
622	1360	2	3	3
623	1361	9	4	4
624	1361	8	4	3
625	1361	7	4	3
626	1361	5	4	4
627	1361	3	4	3
629	1361	2	4	3
631	1361	1	4	3
632	1362	9	4	3
633	1362	8	4	3
634	1362	7	4	3
635	1362	6	3	3
636	1362	5	3	3
637	1362	3	3	4
640	1362	2	3	3
641	1362	1	3	3
642	1363	9	2	3
643	1363	8	2	3
644	1363	7	2	3
645	1363	6	4	3
646	1363	5	3	3
647	1363	4	3	3
648	1363	3	3	3
652	1363	2	2	3
653	1363	1	3	2
655	1364	8	3	4
656	1364	4	2	3
657	1364	3	3	3
660	1364	2	3	3
661	1364	1	3	3
662	1365	9	4	4
663	1365	8	4	4
664	1365	7	4	4
665	1365	5	3	3
666	1365	3	3	4
668	1365	2	3	4
669	1365	1	3	4
670	1366	9	4	4
671	1366	8	4	4
672	1366	7	4	4
673	1366	6	4	4
674	1366	5	4	4
675	1366	3	4	3
677	1366	2	4	3
678	1366	1	4	3
679	1367	9	2	4
680	1367	8	2	4
681	1367	7	1	3
682	1367	6	2	3
683	1367	5	3	3
684	1367	4	3	3
685	1367	3	2	3
687	1367	2	1	4
688	1367	1	1	4
689	1368	9	3	4
690	1368	8	3	3
691	1368	7	2	3
692	1368	6	4	3
693	1368	5	4	4
694	1368	4	4	4
695	1368	3	4	4
697	1368	2	3	4
698	1368	1	3	4
699	1369	9	3	3
700	1369	8	3	3
701	1369	7	3	3
702	1369	6	3	3
703	1369	5	3	3
704	1369	3	4	4
706	1369	2	4	4
707	1369	1	4	4
708	1370	9	2	3
709	1370	8	2	3
710	1370	7	3	2
711	1370	6	2	3
712	1370	5	3	3
713	1370	4	3	3
714	1370	3	3	3
716	1370	2	3	3
717	1370	1	3	3
718	1371	9	4	4
719	1371	4	4	3
720	1371	3	4	3
722	1371	2	4	4
723	1371	1	4	4
724	1372	9	4	4
725	1372	8	4	4
726	1372	7	4	4
727	1372	6	4	4
728	1372	5	4	3
729	1372	4	4	3
730	1372	3	4	3
733	1372	2	3	3
734	1372	1	3	3
735	1373	8	1	2
736	1373	7	1	2
737	1373	5	2	3
738	1373	4	2	3
739	1373	3	2	3
740	1373	2	3	2
741	1373	1	1	3
742	1374	9	2	3
743	1374	8	2	3
744	1374	7	1	3
745	1374	4	4	3
746	1374	3	4	3
748	1374	2	3	3
749	1374	1	2	3
750	1375	9	4	3
751	1375	8	3	4
752	1375	7	3	3
753	1375	6	3	4
754	1375	5	3	4
755	1375	4	3	4
756	1375	3	3	4
758	1375	2	3	3
759	1375	1	3	3
760	1376	9	2	3
761	1376	8	2	2
762	1376	7	2	3
763	1376	5	3	4
764	1376	4	3	4
765	1376	3	2	3
767	1376	2	2	4
768	1376	1	2	3
769	1377	9	3	4
770	1377	8	3	3
771	1377	7	3	3
772	1377	6	3	3
773	1377	5	3	4
774	1377	4	3	4
775	1377	3	3	4
777	1377	2	2	4
778	1377	1	2	4
779	1378	9	3	4
780	1378	8	2	4
781	1378	7	2	3
782	1378	6	1	3
783	1378	5	1	3
784	1378	4	3	2
785	1378	3	2	2
787	1378	2	2	3
788	1378	1	2	3
789	1379	9	3	4
790	1379	8	3	4
791	1379	7	3	3
792	1379	6	3	3
793	1379	5	4	3
794	1379	4	4	3
795	1379	3	4	4
797	1379	2	4	4
798	1379	1	4	4
799	1380	9	3	3
800	1380	8	3	3
801	1380	7	3	3
802	1380	6	3	3
803	1380	5	3	4
804	1380	4	3	4
805	1380	3	4	4
807	1380	2	3	4
808	1380	1	3	4
809	1381	9	2	4
810	1381	8	2	3
811	1381	7	2	3
812	1381	6	4	4
813	1381	5	3	3
814	1381	4	3	3
815	1381	3	2	3
817	1381	2	3	2
818	1382	9	3	3
819	1382	8	4	3
820	1382	7	4	4
821	1382	6	4	4
822	1382	5	3	4
823	1382	4	3	4
824	1382	3	3	4
826	1382	2	3	4
827	1382	1	3	4
828	1383	9	3	4
829	1383	8	3	4
830	1383	7	3	4
831	1383	4	3	4
832	1384	9	3	4
833	1384	8	3	4
834	1384	7	2	4
835	1384	6	3	3
836	1384	5	2	3
837	1384	3	2	3
840	1384	2	2	3
841	1384	1	2	3
842	1385	9	4	4
843	1385	8	4	4
844	1385	7	4	4
845	1385	6	3	3
846	1385	5	3	4
847	1385	4	3	4
848	1385	3	3	3
850	1385	2	3	3
851	1385	1	3	3
852	1386	9	4	2
853	1386	8	1	3
854	1386	6	3	3
855	1386	5	3	3
856	1386	4	3	3
857	1386	3	3	4
858	1387	9	2	4
859	1387	8	3	3
860	1387	7	2	3
861	1387	6	3	3
862	1387	5	3	3
863	1387	4	3	3
864	1387	3	3	3
866	1387	2	3	3
867	1387	1	3	4
868	1388	9	3	3
869	1388	8	3	3
870	1388	7	3	3
871	1388	5	2	3
872	1388	4	3	3
873	1388	3	3	3
875	1388	2	4	4
876	1388	1	4	4
877	1389	9	4	4
878	1389	8	2	3
879	1389	6	4	3
880	1389	4	4	3
881	1389	3	3	4
882	1390	9	3	3
883	1390	8	3	3
884	1390	7	3	3
885	1390	6	3	3
886	1390	5	3	4
887	1390	4	4	4
888	1390	3	4	4
890	1390	2	4	4
891	1390	1	4	4
892	1391	9	3	3
893	1391	8	3	3
894	1391	6	4	4
895	1391	4	3	4
896	1391	3	3	4
898	1391	2	3	4
899	1392	9	2	2
900	1392	8	2	4
901	1392	7	2	4
902	1392	6	3	4
903	1392	5	3	3
904	1392	4	3	3
905	1392	3	2	4
906	1392	2	2	2
907	1392	1	2	3
908	1393	9	4	3
910	1393	8	4	3
911	1393	5	3	2
912	1393	4	3	3
913	1393	3	4	3
915	1393	2	4	3
916	1393	1	4	4
917	1394	9	4	4
918	1394	8	4	4
919	1394	7	3	4
920	1394	6	3	4
921	1394	5	3	4
922	1394	4	3	4
923	1394	3	3	4
925	1394	2	4	4
926	1394	1	4	4
927	1395	9	2	3
928	1395	8	2	3
929	1395	7	3	3
930	1395	6	2	3
931	1395	5	2	2
932	1395	4	2	1
933	1395	3	2	2
935	1396	9	4	4
936	1396	8	4	4
937	1396	7	4	4
938	1396	5	4	4
939	1396	4	4	4
940	1396	3	4	4
942	1396	2	4	3
943	1396	1	4	3
944	1397	9	4	3
945	1397	8	4	3
946	1397	7	4	3
947	1397	5	1	4
948	1397	4	3	3
949	1397	3	4	4
951	1397	2	4	4
952	1398	9	3	3
953	1398	8	3	3
954	1398	7	2	4
955	1398	6	3	2
956	1398	5	3	4
957	1398	4	3	3
958	1398	3	4	4
960	1398	2	4	3
961	1398	1	4	3
962	1399	9	4	4
963	1399	8	4	4
964	1399	7	3	4
965	1399	5	3	4
966	1399	4	3	3
967	1400	9	4	4
968	1400	7	4	4
969	1400	5	4	4
970	1400	4	4	4
971	1400	3	4	4
974	1400	2	4	4
976	1400	1	4	4
977	1401	9	4	4
978	1401	8	4	4
979	1401	7	4	4
980	1401	6	4	4
981	1401	5	4	4
982	1401	3	4	4
984	1401	2	4	4
985	1402	9	1	3
986	1402	8	1	3
987	1402	7	2	3
988	1402	6	2	3
989	1402	5	3	3
990	1402	4	3	3
991	1402	3	3	4
993	1402	2	1	3
994	1402	1	1	3
995	1403	9	2	3
996	1403	5	2	4
997	1404	9	2	4
998	1404	8	2	3
999	1404	7	2	3
1000	1404	6	1	3
1001	1404	5	2	2
1002	1404	4	2	2
1003	1404	3	3	2
1005	1404	2	3	4
1006	1404	1	3	3
1007	1405	9	3	3
1008	1405	8	2	3
1009	1405	7	3	4
1010	1405	5	3	4
1011	1405	4	3	4
1012	1405	3	3	4
1014	1405	2	3	4
1015	1405	1	3	4
1016	1406	9	4	4
1017	1406	8	4	4
1018	1406	7	4	3
1019	1406	6	4	3
1020	1406	5	3	3
1021	1406	3	3	4
1023	1406	2	3	3
1024	1406	1	3	3
1025	1407	9	2	4
1026	1407	8	2	4
1027	1407	6	2	4
1028	1407	5	3	4
1029	1407	4	4	3
1030	1407	3	2	3
1032	1407	2	2	3
1033	1407	1	2	3
1034	1408	9	3	4
1035	1408	8	3	4
1036	1408	7	4	3
1037	1408	6	3	4
1038	1408	5	3	3
1039	1408	3	2	3
1041	1408	2	3	3
1042	1408	1	2	3
1044	1409	9	3	3
1045	1409	8	3	2
1046	1409	7	3	3
1047	1409	6	3	3
1048	1409	5	3	3
1049	1409	3	3	3
1051	1409	2	3	3
1052	1409	1	4	4
1053	1410	9	3	4
1054	1410	8	3	4
1055	1410	7	3	4
1056	1410	6	3	4
1057	1410	5	3	2
1058	1410	3	2	3
1060	1410	2	4	3
1061	1410	1	4	3
1062	1411	8	2	3
1063	1411	7	2	3
1064	1411	6	1	3
1065	1411	5	1	2
1066	1411	4	3	2
1067	1411	3	4	3
1068	1411	2	3	3
1069	1411	1	3	3
1070	1412	9	3	4
1071	1412	8	3	4
1072	1412	7	3	4
1073	1412	6	3	4
1074	1412	4	3	4
1075	1412	3	4	4
1077	1412	2	3	4
1078	1412	1	3	4
1079	1413	9	3	3
1080	1413	8	3	3
1081	1413	7	2	3
1082	1413	6	2	3
1083	1413	5	2	1
1084	1413	4	2	2
1085	1413	3	2	3
1087	1413	2	1	3
1088	1413	1	1	3
1089	1414	9	4	4
1090	1414	8	3	4
1091	1414	7	3	4
1092	1414	6	3	4
1093	1414	5	3	4
1094	1414	4	3	4
1095	1414	3	3	4
1097	1414	2	3	4
1098	1414	1	3	3
1099	1415	9	2	3
1100	1415	8	2	3
1101	1415	7	2	3
1102	1415	6	3	3
1103	1415	5	3	3
1104	1415	4	3	3
1105	1415	3	3	3
1107	1415	2	2	4
1108	1415	1	2	3
1109	1416	9	2	3
1111	1416	8	2	3
1112	1416	7	4	1
1113	1416	5	4	4
1114	1416	4	4	4
1115	1416	3	4	4
1117	1416	2	4	4
1118	1416	1	4	4
1119	1417	9	4	4
1120	1417	8	4	4
1121	1417	6	4	4
1122	1417	5	3	3
1123	1417	4	4	4
1124	1417	3	4	4
1126	1417	2	3	4
1127	1417	1	4	3
1128	1418	9	2	3
1129	1418	8	3	3
1130	1418	7	2	4
1131	1418	6	3	4
1132	1418	5	3	3
1133	1418	4	2	3
1134	1418	3	2	3
1136	1418	2	2	4
1137	1418	1	2	4
1138	1419	9	3	3
1139	1419	8	3	3
1140	1419	7	3	4
1141	1419	4	4	4
1142	1420	6	4	4
1143	1420	4	4	4
1144	1420	3	4	3
1146	1420	2	4	3
1147	1420	1	4	3
1148	1421	9	4	4
1149	1421	7	4	4
1150	1421	6	4	4
1151	1421	5	4	4
1152	1421	4	4	4
1153	1421	3	4	4
1155	1421	2	4	4
1156	1421	1	4	4
1157	1422	9	2	4
1158	1422	8	2	4
1159	1422	7	3	3
1160	1422	6	3	3
1161	1422	5	3	4
1162	1422	4	3	4
1163	1422	3	3	4
1165	1422	2	4	4
1166	1422	1	4	4
1167	1423	9	3	4
1168	1423	8	3	4
1169	1423	7	3	4
1170	1423	5	4	4
1171	1423	4	4	4
1172	1423	1	4	4
1173	1424	9	1	3
1174	1424	8	1	2
1175	1424	6	3	3
1176	1424	5	3	3
1177	1424	4	3	3
1178	1424	3	3	2
1179	1424	2	3	3
1180	1424	1	4	3
1181	1425	9	4	3
1182	1425	8	4	3
1183	1425	7	3	3
1184	1425	6	3	3
1185	1425	5	4	4
1186	1425	4	4	4
1187	1425	3	4	4
1189	1425	2	3	4
1190	1425	1	3	4
1191	1426	9	3	4
1192	1426	4	4	4
1193	1426	3	3	4
1195	1426	2	3	4
1196	1427	9	3	4
1197	1427	8	3	4
1198	1427	7	3	4
1199	1427	6	4	4
1200	1427	5	3	4
1202	1427	4	4	4
1203	1427	3	4	4
1204	1427	2	3	4
1205	1427	1	3	3
1206	1428	9	4	4
1207	1429	9	2	4
1208	1429	8	1	3
1209	1429	6	2	3
1210	1429	5	3	3
1211	1429	3	2	4
1212	1430	9	4	4
1213	1430	8	3	4
1214	1430	7	3	4
1215	1430	6	3	4
1216	1430	5	4	4
1217	1430	3	3	4
1219	1430	2	4	3
1220	1430	1	4	3
1221	1431	9	3	3
1222	1431	8	3	3
1223	1431	7	1	2
1224	1431	6	1	3
1225	1431	5	1	2
1226	1431	4	2	3
1227	1431	3	2	3
1229	1431	2	3	2
1230	1431	1	3	2
1231	1432	9	2	4
1232	1432	8	2	4
1233	1432	7	2	4
1234	1432	5	3	4
1235	1432	4	3	4
1236	1432	3	2	4
1238	1432	2	2	4
1239	1432	1	2	4
1240	1433	9	3	4
1241	1433	8	2	4
1242	1433	6	2	3
1243	1433	5	2	3
1244	1433	4	2	2
1245	1433	3	1	3
1246	1434	9	2	3
1247	1434	8	2	3
1248	1434	6	4	3
1249	1434	5	3	2
1250	1434	4	3	4
1251	1434	3	2	4
1252	1435	9	2	3
1253	1435	8	3	3
1254	1435	7	2	3
1255	1435	5	3	4
1256	1435	4	3	4
1257	1435	3	4	4
1258	1436	9	3	3
1259	1436	8	3	3
1260	1436	7	3	2
1261	1436	5	3	3
1262	1436	4	3	3
1263	1437	9	3	3
1264	1437	8	3	4
1265	1437	7	3	4
1266	1437	6	3	3
1267	1437	5	3	3
1268	1437	4	4	3
1269	1437	3	3	4
1271	1437	2	3	4
1272	1437	1	3	4
1273	1438	9	3	4
1274	1438	8	3	4
1275	1438	7	3	4
1276	1438	6	3	4
1277	1438	5	4	3
1278	1438	4	4	3
1279	1438	3	3	3
1282	1438	2	3	4
1283	1438	1	3	4
1284	1439	9	3	3
1285	1439	8	3	3
1286	1439	7	3	3
1287	1439	5	3	3
1288	1439	4	4	3
1289	1439	3	4	3
1292	1439	2	3	3
1293	1440	9	2	4
1294	1440	8	2	4
1295	1440	7	2	4
1296	1440	6	2	4
1297	1440	5	2	4
1298	1440	4	2	4
1299	1440	3	2	4
1300	1440	2	2	4
1301	1440	1	2	4
1302	1441	9	3	4
1303	1441	8	3	3
1304	1441	7	3	3
1306	1441	6	3	3
1307	1441	5	3	3
1308	1441	4	3	3
1309	1442	9	4	4
1310	1442	8	4	4
1311	1442	7	4	4
1312	1442	6	4	4
1313	1442	5	4	4
1314	1442	4	4	4
1315	1442	3	4	4
1316	1442	2	4	4
1317	1442	1	4	4
1318	1443	9	3	3
1319	1443	8	3	3
1320	1443	6	4	3
1321	1443	5	4	3
1322	1443	3	4	3
1324	1444	9	2	2
1325	1444	8	3	3
1326	1444	7	4	4
1327	1444	6	4	4
1328	1444	4	3	3
1329	1444	3	3	3
1331	1444	2	3	3
1332	1444	1	3	3
1333	1445	9	3	4
1334	1445	8	3	3
1335	1445	7	3	3
1336	1445	6	4	3
1337	1445	5	4	3
1338	1445	4	4	3
1339	1446	9	3	4
1340	1446	8	3	4
1341	1446	7	3	3
1342	1446	5	3	3
1343	1446	4	3	3
1344	1446	3	3	3
1345	1446	2	3	3
1346	1446	1	4	2
1347	1447	7	3	3
1348	1447	6	3	4
1349	1447	5	4	3
1350	1447	4	4	3
1351	1448	9	4	4
1352	1448	8	4	4
1353	1448	7	4	4
1354	1448	5	4	4
1355	1448	4	4	4
1356	1448	3	4	4
1358	1448	2	4	4
1359	1448	1	4	4
1360	1449	9	2	4
1361	1449	8	1	4
1362	1449	7	1	4
1363	1449	6	1	4
1364	1449	5	3	4
1365	1449	4	3	3
1366	1449	3	3	3
1368	1449	2	3	4
1369	1449	1	2	4
1370	1450	9	2	4
1371	1450	8	2	4
1372	1450	7	2	4
1373	1450	6	2	3
1374	1450	5	2	3
1375	1450	4	2	2
1376	1450	3	3	2
1378	1450	2	2	2
1379	1450	1	2	3
1380	1451	9	3	3
1381	1451	8	4	3
1382	1451	7	3	4
1383	1451	6	3	3
1384	1451	5	3	2
1385	1451	4	2	3
1386	1451	3	4	3
1388	1451	2	2	3
1389	1451	1	2	3
1390	1452	9	4	4
1391	1452	8	4	4
1392	1452	6	4	4
1393	1452	5	4	4
1394	1452	4	4	4
1395	1452	3	4	4
1397	1452	2	4	4
1398	1453	9	3	3
1399	1453	8	3	3
1400	1453	7	3	2
1401	1453	6	3	3
1402	1453	5	3	3
1403	1454	8	3	3
1404	1455	9	3	4
1405	1455	8	2	3
1406	1455	7	2	3
1407	1455	6	3	3
1408	1455	5	3	2
1409	1456	9	3	3
1410	1456	8	3	3
1411	1456	7	3	3
1412	1456	6	3	4
1413	1456	5	3	3
1414	1457	6	3	3
1415	1457	5	3	3
1416	1458	9	4	4
1417	1458	6	4	4
1418	1458	5	4	3
1419	1458	4	4	4
1420	1459	9	3	3
1421	1459	8	3	3
1422	1459	6	2	3
1423	1459	5	3	3
1424	1460	9	3	4
1425	1460	8	3	4
1426	1460	7	3	4
1429	1460	6	3	4
1430	1460	5	3	3
1431	1461	9	1	3
1432	1461	8	1	3
1433	1461	7	2	3
1434	1461	6	2	3
1435	1461	5	3	3
1436	1462	9	2	4
1437	1462	8	2	4
1438	1462	7	2	3
1439	1462	6	3	3
1440	1463	9	3	3
1441	1463	8	2	4
1442	1463	7	2	3
1443	1463	6	2	3
1444	1463	1	3	4
1445	1464	9	3	3
1446	1464	8	3	3
1447	1464	6	3	2
1448	1465	9	2	4
1449	1465	8	3	3
1450	1465	7	3	3
1451	1465	6	2	4
1452	1466	9	4	3
1453	1466	8	4	3
1454	1467	9	3	3
1455	1467	8	3	3
1456	1467	7	3	3
1457	1467	6	3	3
1458	1468	9	3	4
1459	1468	8	3	4
1460	1468	7	3	4
1461	1469	9	3	3
1462	1469	8	4	3
1463	1469	7	4	3
1464	1470	9	4	3
1465	1470	8	4	3
1466	1470	7	4	4
1467	1470	6	4	4
1468	1471	9	2	4
1469	1471	8	2	4
1470	1471	7	1	3
1471	1472	7	4	4
1472	1472	6	4	4
1473	1473	9	3	3
1474	1473	8	3	3
1475	1473	7	3	3
1476	1474	9	3	4
1477	1474	8	4	3
1478	1474	6	4	3
1479	1475	9	3	3
1480	1475	8	3	3
1481	1475	7	3	3
1482	1476	9	2	4
1483	1476	8	2	4
1484	1476	7	1	3
1485	1477	9	3	3
1486	1477	8	3	4
1487	1478	9	2	4
1488	1478	8	2	4
1489	1478	7	1	3
1490	1479	9	4	4
1491	1479	8	4	4
1492	1479	7	4	3
1493	1480	9	3	3
1494	1480	8	3	2
1495	1480	7	2	3
1496	1481	9	3	3
1497	1481	8	4	3
1498	1481	7	2	3
1499	1482	9	4	4
1501	1482	8	4	4
1502	1483	9	3	3
1503	1483	8	3	3
1504	1483	7	3	3
1505	1484	9	2	3
1506	1484	8	2	3
1507	1484	7	2	3
1508	1485	9	3	3
1509	1485	8	4	3
1510	1485	7	4	2
1511	1486	9	3	3
1512	1486	8	2	4
1513	1486	7	2	3
1514	1487	9	4	3
1515	1487	8	3	3
1516	1487	7	3	3
1517	1488	8	3	4
1518	1489	9	3	3
1519	1489	8	3	3
1520	1490	9	3	4
1521	1490	8	4	3
1522	1490	7	4	3
1525	1490	2	4	3
1526	1490	1	4	3
1527	1491	9	3	4
1528	1491	8	3	4
1529	1492	9	3	4
1530	1492	8	3	3
1531	1493	9	3	3
1532	1493	8	4	3
1533	1494	9	4	3
1534	1495	9	2	2
1535	1495	8	2	3
1536	1496	9	4	3
1537	1496	8	4	4
1538	1497	9	2	4
1539	1498	9	4	4
1540	1499	9	3	2
1541	1499	8	3	2
1542	1500	9	4	3
1543	1500	8	3	3
1544	1501	9	3	3
1545	1502	9	3	4
1546	1502	8	2	3
1547	1503	9	3	3
1548	1503	8	3	3
1549	1504	9	3	3
1550	1504	8	3	3
1551	1505	9	3	3
1552	1505	8	3	3
1553	1506	9	3	3
1554	1506	8	3	3
1555	1507	9	3	3
1556	1507	8	3	4
1557	1508	9	3	2
1558	1509	9	3	4
1559	1509	8	2	3
1560	1510	9	2	3
1561	1510	8	3	2
1562	1511	9	3	4
1563	1512	9	2	4
1564	1512	8	3	3
1565	1513	9	3	3
1566	1513	8	3	3
1567	1514	9	3	3
1568	1514	8	2	3
1569	1515	9	4	3
1570	1515	8	4	3
1571	1516	9	4	3
1572	1516	8	3	3
1573	1516	2	4	3
1574	1516	1	4	3
1575	1517	8	3	4
1576	1518	9	3	3
1577	1518	8	2	3
1578	1519	9	3	3
1579	1519	8	4	3
1580	1520	9	3	3
1581	1521	9	3	4
1582	1521	8	3	2
1583	1521	7	3	3
1584	1521	6	3	3
1585	1521	5	4	3
1586	1521	4	4	4
1587	1521	3	4	4
1589	1521	2	2	4
1590	1521	1	3	4
1591	1522	9	3	3
1592	1523	9	2	3
1593	1525	9	3	3
1594	1526	9	3	3
1595	1528	9	4	3
1596	1536	9	3	3
1597	1537	9	3	3
1598	1538	9	3	3
1599	1539	9	3	3
1600	1541	4	4	3
1601	1541	3	3	4
1603	1541	2	4	3
1625	1541	5	4	4
1644	1541	1	4	4
1645	1541	8	3	3
1646	1541	7	2	3
\.


--
-- Name: pvp_pvpevaluation_id_seq; Type: SEQUENCE SET; Schema: demo; Owner: djangotalentdashboard
--

SELECT pg_catalog.setval('pvp_pvpevaluation_id_seq', 1646, false);


--
-- Data for Name: south_migrationhistory; Type: TABLE DATA; Schema: demo; Owner: djangotalentdashboard
--

COPY south_migrationhistory (id, app_name, migration, applied) FROM stdin;
\.


--
-- Name: south_migrationhistory_id_seq; Type: SEQUENCE SET; Schema: demo; Owner: djangotalentdashboard
--

SELECT pg_catalog.setval('south_migrationhistory_id_seq', 1, false);


--
-- Data for Name: todo_task; Type: TABLE DATA; Schema: demo; Owner: djangotalentdashboard
--

COPY todo_task (id, created_by_id, assigned_to_id, assigned_by_id, employee_id, created_date, due_date, description, completed) FROM stdin;
\.


--
-- Name: todo_task_id_seq; Type: SEQUENCE SET; Schema: demo; Owner: djangotalentdashboard
--

SELECT pg_catalog.setval('todo_task_id_seq', 1, false);


--
-- Name: auth_group_name_key; Type: CONSTRAINT; Schema: demo; Owner: djangotalentdashboard; Tablespace: 
--

ALTER TABLE ONLY auth_group
    ADD CONSTRAINT auth_group_name_key UNIQUE (name);


--
-- Name: auth_group_permissions_group_id_permission_id_key; Type: CONSTRAINT; Schema: demo; Owner: djangotalentdashboard; Tablespace: 
--

ALTER TABLE ONLY auth_group_permissions
    ADD CONSTRAINT auth_group_permissions_group_id_permission_id_key UNIQUE (group_id, permission_id);


--
-- Name: auth_group_permissions_pkey; Type: CONSTRAINT; Schema: demo; Owner: djangotalentdashboard; Tablespace: 
--

ALTER TABLE ONLY auth_group_permissions
    ADD CONSTRAINT auth_group_permissions_pkey PRIMARY KEY (id);


--
-- Name: auth_group_pkey; Type: CONSTRAINT; Schema: demo; Owner: djangotalentdashboard; Tablespace: 
--

ALTER TABLE ONLY auth_group
    ADD CONSTRAINT auth_group_pkey PRIMARY KEY (id);


--
-- Name: auth_permission_content_type_id_codename_key; Type: CONSTRAINT; Schema: demo; Owner: djangotalentdashboard; Tablespace: 
--

ALTER TABLE ONLY auth_permission
    ADD CONSTRAINT auth_permission_content_type_id_codename_key UNIQUE (content_type_id, codename);


--
-- Name: auth_permission_pkey; Type: CONSTRAINT; Schema: demo; Owner: djangotalentdashboard; Tablespace: 
--

ALTER TABLE ONLY auth_permission
    ADD CONSTRAINT auth_permission_pkey PRIMARY KEY (id);


--
-- Name: auth_user_groups_pkey; Type: CONSTRAINT; Schema: demo; Owner: djangotalentdashboard; Tablespace: 
--

ALTER TABLE ONLY auth_user_groups
    ADD CONSTRAINT auth_user_groups_pkey PRIMARY KEY (id);


--
-- Name: auth_user_groups_user_id_group_id_key; Type: CONSTRAINT; Schema: demo; Owner: djangotalentdashboard; Tablespace: 
--

ALTER TABLE ONLY auth_user_groups
    ADD CONSTRAINT auth_user_groups_user_id_group_id_key UNIQUE (user_id, group_id);


--
-- Name: auth_user_pkey; Type: CONSTRAINT; Schema: demo; Owner: djangotalentdashboard; Tablespace: 
--

ALTER TABLE ONLY auth_user
    ADD CONSTRAINT auth_user_pkey PRIMARY KEY (id);


--
-- Name: auth_user_user_permissions_pkey; Type: CONSTRAINT; Schema: demo; Owner: djangotalentdashboard; Tablespace: 
--

ALTER TABLE ONLY auth_user_user_permissions
    ADD CONSTRAINT auth_user_user_permissions_pkey PRIMARY KEY (id);


--
-- Name: auth_user_user_permissions_user_id_permission_id_key; Type: CONSTRAINT; Schema: demo; Owner: djangotalentdashboard; Tablespace: 
--

ALTER TABLE ONLY auth_user_user_permissions
    ADD CONSTRAINT auth_user_user_permissions_user_id_permission_id_key UNIQUE (user_id, permission_id);


--
-- Name: auth_user_username_key; Type: CONSTRAINT; Schema: demo; Owner: djangotalentdashboard; Tablespace: 
--

ALTER TABLE ONLY auth_user
    ADD CONSTRAINT auth_user_username_key UNIQUE (username);


--
-- Name: blah_comment_pkey; Type: CONSTRAINT; Schema: demo; Owner: djangotalentdashboard; Tablespace: 
--

ALTER TABLE ONLY blah_comment
    ADD CONSTRAINT blah_comment_pkey PRIMARY KEY (id);


--
-- Name: comp_compensationsummary_pkey; Type: CONSTRAINT; Schema: demo; Owner: djangotalentdashboard; Tablespace: 
--

ALTER TABLE ONLY comp_compensationsummary
    ADD CONSTRAINT comp_compensationsummary_pkey PRIMARY KEY (id);


--
-- Name: django_content_type_app_label_model_key; Type: CONSTRAINT; Schema: demo; Owner: djangotalentdashboard; Tablespace: 
--

ALTER TABLE ONLY django_content_type
    ADD CONSTRAINT django_content_type_app_label_model_key UNIQUE (app_label, model);


--
-- Name: django_content_type_pkey; Type: CONSTRAINT; Schema: demo; Owner: djangotalentdashboard; Tablespace: 
--

ALTER TABLE ONLY django_content_type
    ADD CONSTRAINT django_content_type_pkey PRIMARY KEY (id);


--
-- Name: engagement_happiness_pkey; Type: CONSTRAINT; Schema: demo; Owner: djangotalentdashboard; Tablespace: 
--

ALTER TABLE ONLY engagement_happiness
    ADD CONSTRAINT engagement_happiness_pkey PRIMARY KEY (id);


--
-- Name: org_attribute_pkey; Type: CONSTRAINT; Schema: demo; Owner: djangotalentdashboard; Tablespace: 
--

ALTER TABLE ONLY org_attribute
    ADD CONSTRAINT org_attribute_pkey PRIMARY KEY (id);


--
-- Name: org_attributecategory_pkey; Type: CONSTRAINT; Schema: demo; Owner: djangotalentdashboard; Tablespace: 
--

ALTER TABLE ONLY org_attributecategory
    ADD CONSTRAINT org_attributecategory_pkey PRIMARY KEY (id);


--
-- Name: org_employee_pkey; Type: CONSTRAINT; Schema: demo; Owner: djangotalentdashboard; Tablespace: 
--

ALTER TABLE ONLY org_employee
    ADD CONSTRAINT org_employee_pkey PRIMARY KEY (id);


--
-- Name: org_employee_user_id_key; Type: CONSTRAINT; Schema: demo; Owner: djangotalentdashboard; Tablespace: 
--

ALTER TABLE ONLY org_employee
    ADD CONSTRAINT org_employee_user_id_key UNIQUE (user_id);


--
-- Name: org_leadership_pkey; Type: CONSTRAINT; Schema: demo; Owner: djangotalentdashboard; Tablespace: 
--

ALTER TABLE ONLY org_leadership
    ADD CONSTRAINT org_leadership_pkey PRIMARY KEY (id);


--
-- Name: org_mentorship_pkey; Type: CONSTRAINT; Schema: demo; Owner: djangotalentdashboard; Tablespace: 
--

ALTER TABLE ONLY org_mentorship
    ADD CONSTRAINT org_mentorship_pkey PRIMARY KEY (id);


--
-- Name: org_team_leader_id_key; Type: CONSTRAINT; Schema: demo; Owner: djangotalentdashboard; Tablespace: 
--

ALTER TABLE ONLY org_team
    ADD CONSTRAINT org_team_leader_id_key UNIQUE (leader_id);


--
-- Name: org_team_pkey; Type: CONSTRAINT; Schema: demo; Owner: djangotalentdashboard; Tablespace: 
--

ALTER TABLE ONLY org_team
    ADD CONSTRAINT org_team_pkey PRIMARY KEY (id);


--
-- Name: pvp_evaluationround_pkey; Type: CONSTRAINT; Schema: demo; Owner: djangotalentdashboard; Tablespace: 
--

ALTER TABLE ONLY pvp_evaluationround
    ADD CONSTRAINT pvp_evaluationround_pkey PRIMARY KEY (id);


--
-- Name: pvp_pvpevaluation_employee_id_evaluation_round_id_key; Type: CONSTRAINT; Schema: demo; Owner: djangotalentdashboard; Tablespace: 
--

ALTER TABLE ONLY pvp_pvpevaluation
    ADD CONSTRAINT pvp_pvpevaluation_employee_id_evaluation_round_id_key UNIQUE (employee_id, evaluation_round_id);


--
-- Name: pvp_pvpevaluation_pkey; Type: CONSTRAINT; Schema: demo; Owner: djangotalentdashboard; Tablespace: 
--

ALTER TABLE ONLY pvp_pvpevaluation
    ADD CONSTRAINT pvp_pvpevaluation_pkey PRIMARY KEY (id);


--
-- Name: south_migrationhistory_pkey; Type: CONSTRAINT; Schema: demo; Owner: djangotalentdashboard; Tablespace: 
--

ALTER TABLE ONLY south_migrationhistory
    ADD CONSTRAINT south_migrationhistory_pkey PRIMARY KEY (id);


--
-- Name: todo_task_pkey; Type: CONSTRAINT; Schema: demo; Owner: djangotalentdashboard; Tablespace: 
--

ALTER TABLE ONLY todo_task
    ADD CONSTRAINT todo_task_pkey PRIMARY KEY (id);


--
-- Name: auth_group_permissions_permission_id_fkey; Type: FK CONSTRAINT; Schema: demo; Owner: djangotalentdashboard
--

ALTER TABLE ONLY auth_group_permissions
    ADD CONSTRAINT auth_group_permissions_permission_id_fkey FOREIGN KEY (permission_id) REFERENCES auth_permission(id) DEFERRABLE INITIALLY DEFERRED;


--
-- Name: auth_permission_content_type_id_fkey; Type: FK CONSTRAINT; Schema: demo; Owner: djangotalentdashboard
--

ALTER TABLE ONLY auth_permission
    ADD CONSTRAINT auth_permission_content_type_id_fkey FOREIGN KEY (content_type_id) REFERENCES django_content_type(id) DEFERRABLE INITIALLY DEFERRED;


--
-- Name: auth_user_groups_group_id_fkey; Type: FK CONSTRAINT; Schema: demo; Owner: djangotalentdashboard
--

ALTER TABLE ONLY auth_user_groups
    ADD CONSTRAINT auth_user_groups_group_id_fkey FOREIGN KEY (group_id) REFERENCES auth_group(id) DEFERRABLE INITIALLY DEFERRED;


--
-- Name: auth_user_user_permissions_permission_id_fkey; Type: FK CONSTRAINT; Schema: demo; Owner: djangotalentdashboard
--

ALTER TABLE ONLY auth_user_user_permissions
    ADD CONSTRAINT auth_user_user_permissions_permission_id_fkey FOREIGN KEY (permission_id) REFERENCES auth_permission(id) DEFERRABLE INITIALLY DEFERRED;


--
-- Name: blah_comment_content_type_id_fkey; Type: FK CONSTRAINT; Schema: demo; Owner: djangotalentdashboard
--

ALTER TABLE ONLY blah_comment
    ADD CONSTRAINT blah_comment_content_type_id_fkey FOREIGN KEY (content_type_id) REFERENCES django_content_type(id) DEFERRABLE INITIALLY DEFERRED;


--
-- Name: blah_comment_owner_content_type_id_fkey; Type: FK CONSTRAINT; Schema: demo; Owner: djangotalentdashboard
--

ALTER TABLE ONLY blah_comment
    ADD CONSTRAINT blah_comment_owner_content_type_id_fkey FOREIGN KEY (owner_content_type_id) REFERENCES django_content_type(id) DEFERRABLE INITIALLY DEFERRED;


--
-- Name: category_id_refs_id_6e040822; Type: FK CONSTRAINT; Schema: demo; Owner: djangotalentdashboard
--

ALTER TABLE ONLY org_attribute
    ADD CONSTRAINT category_id_refs_id_6e040822 FOREIGN KEY (category_id) REFERENCES org_attributecategory(id) DEFERRABLE INITIALLY DEFERRED;


--
-- Name: comp_compensationsummary_employee_id_fkey; Type: FK CONSTRAINT; Schema: demo; Owner: djangotalentdashboard
--

ALTER TABLE ONLY comp_compensationsummary
    ADD CONSTRAINT comp_compensationsummary_employee_id_fkey FOREIGN KEY (employee_id) REFERENCES org_employee(id) DEFERRABLE INITIALLY DEFERRED;


--
-- Name: engagement_happiness_assessed_by_id_fkey; Type: FK CONSTRAINT; Schema: demo; Owner: djangotalentdashboard
--

ALTER TABLE ONLY engagement_happiness
    ADD CONSTRAINT engagement_happiness_assessed_by_id_fkey FOREIGN KEY (assessed_by_id) REFERENCES org_employee(id) DEFERRABLE INITIALLY DEFERRED;


--
-- Name: engagement_happiness_employee_id_fkey; Type: FK CONSTRAINT; Schema: demo; Owner: djangotalentdashboard
--

ALTER TABLE ONLY engagement_happiness
    ADD CONSTRAINT engagement_happiness_employee_id_fkey FOREIGN KEY (employee_id) REFERENCES org_employee(id) DEFERRABLE INITIALLY DEFERRED;


--
-- Name: group_id_refs_id_f4b32aac; Type: FK CONSTRAINT; Schema: demo; Owner: djangotalentdashboard
--

ALTER TABLE ONLY auth_group_permissions
    ADD CONSTRAINT group_id_refs_id_f4b32aac FOREIGN KEY (group_id) REFERENCES auth_group(id) DEFERRABLE INITIALLY DEFERRED;


--
-- Name: org_attribute_employee_id_fkey; Type: FK CONSTRAINT; Schema: demo; Owner: djangotalentdashboard
--

ALTER TABLE ONLY org_attribute
    ADD CONSTRAINT org_attribute_employee_id_fkey FOREIGN KEY (employee_id) REFERENCES org_employee(id) DEFERRABLE INITIALLY DEFERRED;


--
-- Name: org_employee_user_id_fkey; Type: FK CONSTRAINT; Schema: demo; Owner: djangotalentdashboard
--

ALTER TABLE ONLY org_employee
    ADD CONSTRAINT org_employee_user_id_fkey FOREIGN KEY (user_id) REFERENCES auth_user(id) DEFERRABLE INITIALLY DEFERRED;


--
-- Name: org_leadership_employee_id_fkey; Type: FK CONSTRAINT; Schema: demo; Owner: djangotalentdashboard
--

ALTER TABLE ONLY org_leadership
    ADD CONSTRAINT org_leadership_employee_id_fkey FOREIGN KEY (employee_id) REFERENCES org_employee(id) DEFERRABLE INITIALLY DEFERRED;


--
-- Name: org_leadership_leader_id_fkey; Type: FK CONSTRAINT; Schema: demo; Owner: djangotalentdashboard
--

ALTER TABLE ONLY org_leadership
    ADD CONSTRAINT org_leadership_leader_id_fkey FOREIGN KEY (leader_id) REFERENCES org_employee(id) DEFERRABLE INITIALLY DEFERRED;


--
-- Name: org_mentorship_mentee_id_fkey; Type: FK CONSTRAINT; Schema: demo; Owner: djangotalentdashboard
--

ALTER TABLE ONLY org_mentorship
    ADD CONSTRAINT org_mentorship_mentee_id_fkey FOREIGN KEY (mentee_id) REFERENCES org_employee(id) DEFERRABLE INITIALLY DEFERRED;


--
-- Name: org_mentorship_mentor_id_fkey; Type: FK CONSTRAINT; Schema: demo; Owner: djangotalentdashboard
--

ALTER TABLE ONLY org_mentorship
    ADD CONSTRAINT org_mentorship_mentor_id_fkey FOREIGN KEY (mentor_id) REFERENCES org_employee(id) DEFERRABLE INITIALLY DEFERRED;


--
-- Name: org_team_leader_id_fkey; Type: FK CONSTRAINT; Schema: demo; Owner: djangotalentdashboard
--

ALTER TABLE ONLY org_team
    ADD CONSTRAINT org_team_leader_id_fkey FOREIGN KEY (leader_id) REFERENCES org_employee(id) DEFERRABLE INITIALLY DEFERRED;


--
-- Name: pvp_pvpevaluation_employee_id_fkey; Type: FK CONSTRAINT; Schema: demo; Owner: djangotalentdashboard
--

ALTER TABLE ONLY pvp_pvpevaluation
    ADD CONSTRAINT pvp_pvpevaluation_employee_id_fkey FOREIGN KEY (employee_id) REFERENCES org_employee(id) DEFERRABLE INITIALLY DEFERRED;


--
-- Name: pvp_pvpevaluation_evaluation_round_id_fkey; Type: FK CONSTRAINT; Schema: demo; Owner: djangotalentdashboard
--

ALTER TABLE ONLY pvp_pvpevaluation
    ADD CONSTRAINT pvp_pvpevaluation_evaluation_round_id_fkey FOREIGN KEY (evaluation_round_id) REFERENCES pvp_evaluationround(id) DEFERRABLE INITIALLY DEFERRED;


--
-- Name: team_id_refs_id_818d7514; Type: FK CONSTRAINT; Schema: demo; Owner: djangotalentdashboard
--

ALTER TABLE ONLY org_employee
    ADD CONSTRAINT team_id_refs_id_818d7514 FOREIGN KEY (team_id) REFERENCES org_team(id) DEFERRABLE INITIALLY DEFERRED;


--
-- Name: todo_task_assigned_by_id_fkey; Type: FK CONSTRAINT; Schema: demo; Owner: djangotalentdashboard
--

ALTER TABLE ONLY todo_task
    ADD CONSTRAINT todo_task_assigned_by_id_fkey FOREIGN KEY (assigned_by_id) REFERENCES org_employee(id) DEFERRABLE INITIALLY DEFERRED;


--
-- Name: todo_task_assigned_to_id_fkey; Type: FK CONSTRAINT; Schema: demo; Owner: djangotalentdashboard
--

ALTER TABLE ONLY todo_task
    ADD CONSTRAINT todo_task_assigned_to_id_fkey FOREIGN KEY (assigned_to_id) REFERENCES org_employee(id) DEFERRABLE INITIALLY DEFERRED;


--
-- Name: todo_task_created_by_id_fkey; Type: FK CONSTRAINT; Schema: demo; Owner: djangotalentdashboard
--

ALTER TABLE ONLY todo_task
    ADD CONSTRAINT todo_task_created_by_id_fkey FOREIGN KEY (created_by_id) REFERENCES org_employee(id) DEFERRABLE INITIALLY DEFERRED;


--
-- Name: todo_task_employee_id_fkey; Type: FK CONSTRAINT; Schema: demo; Owner: djangotalentdashboard
--

ALTER TABLE ONLY todo_task
    ADD CONSTRAINT todo_task_employee_id_fkey FOREIGN KEY (employee_id) REFERENCES org_employee(id) DEFERRABLE INITIALLY DEFERRED;


--
-- Name: user_id_refs_id_40c41112; Type: FK CONSTRAINT; Schema: demo; Owner: djangotalentdashboard
--

ALTER TABLE ONLY auth_user_groups
    ADD CONSTRAINT user_id_refs_id_40c41112 FOREIGN KEY (user_id) REFERENCES auth_user(id) DEFERRABLE INITIALLY DEFERRED;


--
-- Name: user_id_refs_id_4dc23c39; Type: FK CONSTRAINT; Schema: demo; Owner: djangotalentdashboard
--

ALTER TABLE ONLY auth_user_user_permissions
    ADD CONSTRAINT user_id_refs_id_4dc23c39 FOREIGN KEY (user_id) REFERENCES auth_user(id) DEFERRABLE INITIALLY DEFERRED;


--
-- PostgreSQL database dump complete
--

